{
	"format_version": "1.12.0",
	"minecraft:geometry": [
		{
			"description": {
				"identifier": "geometry.azalea_sapling",
				"texture_width": 48,
				"texture_height": 16,
				"visible_bounds_width": 2,
				"visible_bounds_height": 2.5,
				"visible_bounds_offset": [0, 0.75, 0]
			},
			"bones": [
				{
					"name": "azalea",
					"pivot": [0, 0, 0],
					"cubes": [
						{
							"origin": [-8, 0, 0],
							"size": [16, 16, 0],
							"pivot": [0, 0, 0],
							"rotation": [0, 45, 0],
							"uv": {
								"north": {"uv": [0, 0], "uv_size": [16, 16]}
							}
						},
						{
							"origin": [0, 0, -8],
							"size": [0, 16, 16],
							"pivot": [0, 0, 0],
							"rotation": [0, 45, 0],
							"uv": {
								"west": {"uv": [0, 0], "uv_size": [16, 16]}
							}
						},
						{
							"origin": [-8, 0, -8],
							"size": [16, 16, 16],
							"uv": {
								"north": {"uv": [16, 0], "uv_size": [16, 16]},
								"east": {"uv": [16, 0], "uv_size": [16, 16]},
								"south": { "uv": [16,0], "uv_size": [ 16,16 ]},
								"west": {"uv": [16, 0], "uv_size": [16, 16]},
								"up": {"uv": [48, 16], "uv_size": [-16, -16]}
							}
						}
					]
				}
			]
		}
	]
}