{
	"format_version": "1.12.0",
	"minecraft:geometry": [
		{
			"description": {
				"identifier": "geometry.fence_gate",
				"texture_width": 16,
				"texture_height": 16,
				"visible_bounds_width": 3,
				"visible_bounds_height": 2.5,
				"visible_bounds_offset": [0, 0.75, 0]
			},
			"bones": [
				{
					"name": "root",
					"pivot": [0, 0, 0]
				},
				{
					"name": "side1",
					"parent": "root",
					"pivot": [-6.50666, 7.5, 0.30534],
					"cubes": [
						{
							"origin": [-8, 2, -1],
							"size": [2, 11, 2],
							"uv": {
								"north": {"uv": [0, 0], "uv_size": [2, 11]},
								"east": {"uv": [0, 0], "uv_size": [2, 11]},
								"south": {"uv": [0, 0], "uv_size": [2, 11]},
								"west": {"uv": [0, 0], "uv_size": [2, 11]},
								"up": {"uv": [2, 5], "uv_size": [-2, -2]},
								"down": {"uv": [2, 5], "uv_size": [-2, -2]}
							}
						},
						{
							"origin": [-6, 9, -1],
							"size": [6, 3, 2],
							"uv": {
								"north": {"uv": [0, 1], "uv_size": [6, 3]},
								"east": {"uv": [0, 0], "uv_size": [2, 2]},
								"south": {"uv": [0, 1], "uv_size": [6, 3]},
								"west": {"uv": [0, 2], "uv_size": [2, 3]},
								"up": {"uv": [6, 2], "uv_size": [-6, -2]},
								"down": {"uv": [6, 2], "uv_size": [-6, -2]}
							}
						},
						{
							"origin": [-6, 3, -1],
							"size": [6, 3, 2],
							"uv": {
								"north": {"uv": [0, 3], "uv_size": [6, 3]},
								"east": {"uv": [0, 0], "uv_size": [2, 3]},
								"south": {"uv": [0, 3], "uv_size": [6, 3]},
								"west": {"uv": [0, 3], "uv_size": [2, 3]},
								"up": {"uv": [6, 4], "uv_size": [-6, -2]},
								"down": {"uv": [6, 5], "uv_size": [-6, -2]}
							}
						},
						{
							"origin": [-2, 6, -1],
							"size": [2, 3, 2],
							"uv": {
								"north": {"uv": [0, 2], "uv_size": [2, 3]},
								"east": {"uv": [0, 0], "uv_size": [2, 3]},
								"south": {"uv": [1, 2], "uv_size": [2, 3]},
								"west": {"uv": [0, 3], "uv_size": [2, 3]},
								"up": {"uv": [2, 2], "uv_size": [-2, -2]},
								"down": {"uv": [2, 2], "uv_size": [-2, -2]}
							}
						}
					]
				},
				{
					"name": "side2",
					"parent": "root",
					"pivot": [7.5, 8, 0],
					"cubes": [
						{
							"origin": [0, 9, -1],
							"size": [6, 3, 2],
							"uv": {
								"north": {"uv": [0, 1], "uv_size": [6, 3]},
								"east": {"uv": [0, 3], "uv_size": [2, 3]},
								"south": {"uv": [0, 1], "uv_size": [6, 3]},
								"west": {"uv": [0, 0], "uv_size": [2, 3]},
								"up": {"uv": [6, 2], "uv_size": [-6, -2]},
								"down": {"uv": [6, 2], "uv_size": [-6, -2]}
							}
						},
						{
							"origin": [6, 2, -1],
							"size": [2, 11, 2],
							"uv": {
								"north": {"uv": [0, 0], "uv_size": [2, 11]},
								"east": {"uv": [0, 0], "uv_size": [2, 11]},
								"south": {"uv": [0, 0], "uv_size": [2, 11]},
								"west": {"uv": [0, 0], "uv_size": [2, 11]},
								"up": {"uv": [2, 5], "uv_size": [-2, -2]},
								"down": {"uv": [2, 5], "uv_size": [-2, -2]}
							}
						},
						{
							"origin": [0, 6, -1],
							"size": [2, 3, 2],
							"uv": {
								"north": {"uv": [1, 2], "uv_size": [2, 3]},
								"east": {"uv": [0, 3], "uv_size": [2, 3]},
								"south": {"uv": [0, 2], "uv_size": [2, 3]},
								"west": {"uv": [0, 0], "uv_size": [2, 3]},
								"up": {"uv": [2, 2], "uv_size": [-2, -2]},
								"down": {"uv": [2, 2], "uv_size": [-2, -2]}
							}
						},
						{
							"origin": [0, 3, -1],
							"size": [6, 3, 2],
							"uv": {
								"north": {"uv": [0, 3], "uv_size": [6, 3]},
								"east": {"uv": [0, 3], "uv_size": [2, 3]},
								"south": {"uv": [0, 3], "uv_size": [6, 3]},
								"west": {"uv": [0, 0], "uv_size": [2, 3]},
								"up": {"uv": [6, 4], "uv_size": [-6, -2]},
								"down": {"uv": [6, 5], "uv_size": [-6, -2]}
							}
						}
					]
				}
			]
		}
	]
}