{
	"format_version": "1.12.0",
	"minecraft:geometry": [
		{
			"description": {
				"identifier": "geometry.spore_blossom",
				"texture_width": 32,
				"texture_height": 32,
				"visible_bounds_width": 3,
				"visible_bounds_height": 1.5,
				"visible_bounds_offset": [0, 0.25, 0]
			},
			"bones": [
				{
					"name": "base",
					"pivot": [0, 0, 0],
					"cubes": [
						{
							"origin": [-8, 0, -8],
							"size": [16, 0, 16],
							"uv": {
								"north": {"uv": [0, 0], "uv_size": [16, 0]},
								"east": {"uv": [0, 0], "uv_size": [16, 0]},
								"south": {"uv": [0, 0], "uv_size": [16, 0]},
								"west": {"uv": [0, 0], "uv_size": [16, 0]},
								"up": {"uv": [32, 16], "uv_size": [-16, -16]}
							}
						}
					]
				},
				{
					"name": "leaves",
					"pivot": [8, 0, 0],
					"cubes": [
						{
							"origin": [-8, 0, 0],
							"size": [16, 16, 0],
							"pivot": [8, 0, 0],
							"rotation": [72.5, 0, 0],
							"uv": {
								"north": {"uv": [0, 0], "uv_size": [16, 16]},
								"east": {"uv": [0, 0], "uv_size": [0, 16]},
								"west": {"uv": [0, 0], "uv_size": [0, 16]},
								"up": {"uv": [16, 0], "uv_size": [-16, 0]},
								"down": {"uv": [16, 0], "uv_size": [-16, 0]}
							}
						},
						{
							"origin": [-8, 0, 0],
							"size": [16, 16, 0],
							"pivot": [8, 0, 0],
							"rotation": [-75, 0, 0],
							"uv": {
								"north": {"uv": [0, 0], "uv_size": [16, 16]},
								"east": {"uv": [0, 0], "uv_size": [0, 16]},
								"west": {"uv": [0, 0], "uv_size": [0, 16]},
								"up": {"uv": [16, 0], "uv_size": [-16, 0]},
								"down": {"uv": [16, 0], "uv_size": [-16, 0]}
							}
						},
						{
							"origin": [0, 0, -8],
							"size": [0, 16, 16],
							"pivot": [0, 0, -8],
							"rotation": [0, 0, 75],
							"uv": {
								"north": {"uv": [0, 0], "uv_size": [0, 16]},
								"south": {"uv": [0, 0], "uv_size": [0, 16]},
								"west": {"uv": [0, 0], "uv_size": [16, 16]},
								"up": {"uv": [0, 16], "uv_size": [0, -16]},
								"down": {"uv": [0, 16], "uv_size": [0, -16]}
							}
						},
						{
							"origin": [0, 0, -8],
							"size": [0, 16, 16],
							"pivot": [0, 0, -8],
							"rotation": [0, 0, -72.5],
							"uv": {
								"north": {"uv": [0, 0], "uv_size": [0, 16]},
								"east": {"uv": [0, 0], "uv_size": [16, 16]},
								"south": {"uv": [0, 0], "uv_size": [0, 16]},
								"up": {"uv": [0, 16], "uv_size": [0, -16]},
								"down": {"uv": [0, 16], "uv_size": [0, -16]}
							}
						}
					]
				}
			]
		}
	]
}