{
  "format_version": "1.8.0",
  "minecraft:entity": {
    "description": {
      "identifier": "dakon:sandmob",
      "is_spawnable": false,
      "is_summonable": true,
      "is_experimental": false
    },
    "component_groups": {
      "dakon:sandmob_transform": {
        "minecraft:transformation": {
          "into": "dakon:dropsandmob",
          "delay": 0.5
        }
      }
    },

    "components": {
      "minecraft:damage_sensor": {
        "on_damage": {
          "filters": {  "test" :  "is_family", "subject" : "other", "value" :  "player"},
          "event": "become_zombie"
        },
        "deals_damage": false
      },
      "minecraft:type_family": {
        "family": [ "dakon", "inanimate" ]
      },
        "minecraft:scale": {
          "value": 0.5
      },
      "minecraft:collision_box": {
        "width": 0.6,
        "height": 0.8
      },
      "minecraft:health": {
        "value": 1,
        "max": 1
      },
      "minecraft:loot": {
        "table": "loot_tables/entities/sandmob.json"
      },
      "minecraft:nameable": {
      },
      "minecraft:physics": {
      }
    },

    "events": {
      "become_zombie": {
        "remove": {
        },
        "add": {
          "component_groups": [
            "dakon:sandmob_transform"
          ]
        }
      }
    }
  }
}