{
	"format_version": "1.12.0",
	"minecraft:geometry": [
		{
			"description": {
				"identifier": "geometry.armoro",
				"texture_width": 64,
				"texture_height": 32,
				"visible_bounds_width": 2,
				"visible_bounds_height": 2,
				"visible_bounds_offset": [0, 1, 0]
			},
			"bones": [
				{
					"name": "body",
					"pivot": [0, 24, 0],
					"mirror": true,
					"cubes": [
						{"origin": [-5, 12, -3], "size": [10, 3, 6], "uv": [17, 0]},
						{"origin": [-2, 15, -3], "size": [4, 1, 6], "uv": [16, 16]},
						{"origin": [-2, 18, -3], "size": [4, 1, 6], "uv": [16, 16]},
						{"origin": [1, 16, -3], "size": [1, 2, 6], "uv": [16, 16]},
						{"origin": [1, 19, -3], "size": [1, 2, 6], "uv": [16, 16]},
						{"origin": [-2, 19, -3], "size": [1, 2, 6], "uv": [16, 16]},
						{"origin": [2, 20, -3], "size": [1, 2, 6], "uv": [16, 16]},
						{"origin": [-3, 20, -3], "size": [1, 2, 6], "uv": [16, 16]},
						{"origin": [3, 21, -3], "size": [1, 2, 6], "uv": [16, 16]},
						{"origin": [-4, 21, -3], "size": [1, 2, 6], "uv": [16, 16]},
						{"origin": [-2, 16, -3], "size": [1, 2, 6], "uv": [16, 16]}
					]
				},
				{
					"name": "leftArm",
					"pivot": [-5, 22, 0],
					"mirror": true,
					"cubes": [
						{"origin": [-9, 20, -3], "size": [5, 5, 6], "uv": [44, 1], "mirror": false}
					]
				},
				{
					"name": "rightArm",
					"pivot": [5, 22, 0],
					"mirror": true,
					"cubes": [
						{"origin": [4, 20, -3], "size": [5, 5, 6], "uv": [40, 16]}
					]
				}
			]
		}
	]
}