{
"geometry.bat": {

    "bones": [
      {
        "name": "head",
        "pivot": [ 0.0, 30.0, 0.0 ],
        "cubes": [
          {
            "origin": [ -2.0, 27.0, -3.0 ],
            "size": [ 4, 4, 4 ],
            "uv": [ 0, 0 ]
          }
        ],
        "material": "alpha"
      },
      {
        "name": "rightEar",
        "pivot": [ 0.0, 24.0, 0.0 ],
        "cubes": [
          {
            "origin": [ -1.5, 28.5, -7.0 ],
            "size": [ 3, 1, 4 ],
            "uv": [ 0, 8 ]
          },
          {
            "origin": [ -1.55, 31.0, -1.8 ],
            "size": [ 1, 1, 2 ],
            "uv": [ 12, 0 ]
          },
          {
            "origin": [ 0.55, 31.0, -1.8 ],
            "size": [ 1, 1, 2 ],
            "uv": [ 12, 0 ]
          },
          {
            "origin": [ -1.5, 29.15, -7.0 ],
            "size": [ 1, 1, 2 ],
            "uv": [ 12, 8 ],
            "inflate": -0.24
          },
          {
            "origin": [ 0.5, 29.15, -7.0 ],
            "size": [ 1, 1, 2 ],
            "uv": [ 12, 8 ],
            "inflate": -0.24
          }
        ],
        "parent": "head",
        "material": "alpha"
      },
      {
        "name": "leftEar",
        "mirror": true,
        "pivot": [ 0.0, 24.0, 0.0 ],
        "cubes": [
          {
            "origin": [ -1.5, 28.0, -5.0 ],
            "size": [ 3, 1, 4 ],
            "uv": [ 14, 8 ]
          }
        ],
        "parent": "head",
        "material": "alpha",
        "rotation": [ 20, 0, 0 ]
      },
      {
        "name": "body",
        "pivot": [ 0.0, 24.0, 0.0 ],
        "cubes": [
          {
            "origin": [ -3.0, -3.0, -3.0 ],
            "size": [ 6, 16, 6 ],
            "uv": [ 0, 13 ]
          },
          {
            "origin": [ -4.5, -4.0, -5.0 ],
            "size": [ 3, 5, 3 ],
            "uv": [ 8, 35 ]
          },
          {
            "origin": [ 1.5, -4.0, -5.0 ],
            "size": [ 3, 5, 3 ],
            "uv": [ 8, 35 ]
          },
          {
            "origin": [ -4.0, -11.0, -4.0 ],
            "size": [ 2, 7, 2 ],
            "uv": [ 0, 35 ]
          },
          {
            "origin": [ 2.0, -11.0, -4.0 ],
            "size": [ 2, 7, 2 ],
            "uv": [ 0, 35 ]
          },
          {
            "origin": [ 1.5, -12.0, -7.0 ],
            "size": [ 3, 1, 5 ],
            "uv": [ 15, 38 ]
          },
          {
            "origin": [ -4.5, -12.0, -7.0 ],
            "size": [ 3, 1, 5 ],
            "uv": [ 15, 38 ]
          },
          {
            "origin": [ -0.5, -1.5, 3.0 ],
            "size": [ 1, 3, 2 ],
            "uv": [ 18, 0 ]
          },
          {
            "origin": [ -0.5, 3.5, 3.0 ],
            "size": [ 1, 3, 2 ],
            "uv": [ 18, 0 ]
          },
          {
            "origin": [ -0.5, 8.5, 3.0 ],
            "size": [ 1, 3, 2 ],
            "uv": [ 18, 0 ]
          },
          {
            "origin": [ -1.5, 13.0, -2.0 ],
            "size": [ 3, 3, 3 ],
            "uv": [ 18, 13 ]
          },
          {
            "origin": [ -0.5, 13.5, 1.0 ],
            "size": [ 1, 2, 1 ],
            "uv": [ 18, 5 ]
          },
          {
            "origin": [ -1.5, 16.0, -2.0 ],
            "size": [ 3, 3, 3 ],
            "uv": [ 18, 13 ]
          },
          {
            "origin": [ -0.5, 16.5, 1.0 ],
            "size": [ 1, 2, 1 ],
            "uv": [ 18, 5 ]
          },
          {
            "origin": [ -1.5, 19.0, -2.0 ],
            "size": [ 3, 3, 3 ],
            "uv": [ 18, 13 ]
          },
          {
            "origin": [ -0.5, 19.5, 1.0 ],
            "size": [ 1, 2, 1 ],
            "uv": [ 18, 5 ]
          },
          {
            "origin": [ -1.5, 22.0, -2.0 ],
            "size": [ 3, 3, 3 ],
            "uv": [ 18, 13 ]
          },
          {
            "origin": [ -0.5, 22.5, 1.0 ],
            "size": [ 1, 2, 1 ],
            "uv": [ 18, 5 ]
          },
          {
            "origin": [ -1.5, -6.0, -0.5 ],
            "size": [ 3, 3, 3 ],
            "uv": [ 18, 13 ]
          },
          {
            "origin": [ -0.5, -5.5, 2.5 ],
            "size": [ 1, 2, 1 ],
            "uv": [ 18, 5 ]
          },
          {
            "origin": [ -1.5, -9.0, -0.5 ],
            "size": [ 3, 3, 3 ],
            "uv": [ 18, 13 ]
          },
          {
            "origin": [ -0.5, -8.5, 2.5 ],
            "size": [ 1, 2, 1 ],
            "uv": [ 18, 5 ]
          },
          {
            "origin": [ -1.5, -12.0, -0.5 ],
            "size": [ 3, 3, 3 ],
            "uv": [ 18, 13 ]
          },
          {
            "origin": [ -0.5, -11.5, 2.5 ],
            "size": [ 1, 2, 1 ],
            "uv": [ 18, 5 ]
          },
          {
            "origin": [ -1.5, -15.0, -0.5 ],
            "size": [ 3, 3, 3 ],
            "uv": [ 18, 13 ]
          },
          {
            "origin": [ -0.5, -14.5, 2.5 ],
            "size": [ 1, 2, 1 ],
            "uv": [ 18, 5 ]
          },
          {
            "origin": [ -1.5, -18.0, -0.5 ],
            "size": [ 3, 3, 3 ],
            "uv": [ 18, 13 ]
          },
          {
            "origin": [ -0.5, -17.5, 2.5 ],
            "size": [ 1, 2, 1 ],
            "uv": [ 18, 5 ]
          },
          {
            "origin": [ -1.5, -21.0, -0.5 ],
            "size": [ 3, 3, 3 ],
            "uv": [ 18, 13 ]
          },
          {
            "origin": [ -0.5, -20.5, 2.5 ],
            "size": [ 1, 2, 1 ],
            "uv": [ 18, 5 ]
          },
          {
            "origin": [ -1.5, -24.0, -0.5 ],
            "size": [ 3, 3, 3 ],
            "uv": [ 18, 13 ]
          },
          {
            "origin": [ -0.5, -23.5, 2.5 ],
            "size": [ 1, 2, 1 ],
            "uv": [ 18, 5 ]
          },
          {
            "origin": [ -1.5, -27.0, -0.5 ],
            "size": [ 3, 3, 3 ],
            "uv": [ 18, 13 ]
          },
          {
            "origin": [ -0.5, -26.5, 2.5 ],
            "size": [ 1, 2, 1 ],
            "uv": [ 18, 5 ]
          },
          {
            "origin": [ -1.5, -30.0, -0.5 ],
            "size": [ 3, 3, 3 ],
            "uv": [ 18, 13 ]
          },
          {
            "origin": [ -0.5, -29.5, 2.5 ],
            "size": [ 1, 2, 1 ],
            "uv": [ 18, 5 ]
          },
          {
            "origin": [ -1.5, -33.0, -0.5 ],
            "size": [ 3, 3, 3 ],
            "uv": [ 18, 13 ]
          },
          {
            "origin": [ -0.5, -32.5, 2.5 ],
            "size": [ 1, 2, 1 ],
            "uv": [ 18, 5 ]
          }
        ],
        "material": "alpha"
      },
      {
        "name": "rightWing",
        "pivot": [ 0.0, 29.0, 0.0 ],
        "cubes": [
          {
            "origin": [ -18.0, 0.0, 1.5 ],
            "size": [ 16, 16, 1 ],
            "uv": [ 30, 7 ]
          },
          {
            "origin": [ -18.0, 15.5, 0.5 ],
            "size": [ 16, 2, 2 ],
            "uv": [ 0, 45 ]
          }
        ],
        "parent": "body",
        "material": "alpha"
      },
      {
        "name": "rightWingTip",
        "pivot": [ -18.0, 17.0, 1.5 ],
        "cubes": [
          {
            "origin": [ -34.0, -5.0, 1.5 ],
            "size": [ 16, 16, 1 ],
            "uv": [ 30, 24 ]
          },
          {
            "origin": [ -34.0, 11.0, 1.0 ],
            "size": [ 16, 1, 1 ],
            "uv": [ 0, 49 ]
          }
        ],
        "parent": "rightWing",
        "material": "alpha",
        "pos": [ -12, 1, 1.5 ]
      },
      {
        "name": "leftWing",
        "mirror": true,
        "pivot": [ 0.0, 29.0, 0.0 ],
        "cubes": [
          {
            "origin": [ 2.0, 0.0, 1.5 ],
            "size": [ 16, 16, 1 ],
            "uv": [ 30, 7 ]
          },
          {
            "origin": [ 2.0, 15.5, 0.5 ],
            "size": [ 16, 2, 2 ],
            "uv": [ 0, 45 ]
          }
        ],
        "parent": "body",
        "material": "alpha"
      },
      {
        "name": "leftWingTip",
        "mirror": true,
        "pivot": [ 18.0, 17.0, 1.5 ],
        "cubes": [
          {
            "origin": [ 18.0, -5.0, 1.5 ],
            "size": [ 16, 16, 1 ],
            "uv": [ 30, 24 ]
          },
          {
            "origin": [ 18.0, 11.0, 1.0 ],
            "size": [ 16, 1, 1 ],
            "uv": [ 0, 49 ]
          }
        ],
        "parent": "leftWing",
        "material": "alpha",
        "pos": [ 12, 1, 1.5 ]
      }
    ]
  }
}