{
	"format_version": "1.12.0",
	"minecraft:geometry": [
		{
			"description": {
				"identifier": "geometry.beef",
				"texture_width": 64,
				"texture_height": 64,
				"visible_bounds_width": 2,
				"visible_bounds_height": 1,
				"visible_bounds_offset": [0, 0.5, 0]
			},
			"bones": [
				{
					"name": "basePlate",
					"pivot": [0, 0, 0],
					"mirror": true,
					"cubes": [
						{"origin": [0, 0, -7], "size": [1, 1, 1], "uv": [60, 62], "mirror": false},
						{"origin": [-1, 0, -7], "size": [1, 1, 1], "uv": [28, 57], "mirror": false},
						{"origin": [-2, 0, -7], "size": [1, 1, 1], "uv": [24, 57], "mirror": false},
						{"origin": [1, 0, -7], "size": [1, 1, 1], "uv": [60, 62], "mirror": false},
						{"origin": [2, 0, -7], "size": [1, 1, 1], "uv": [60, 62], "mirror": false},
						{"origin": [3, 0, -7], "size": [1, 1, 1], "uv": [60, 62], "mirror": false},
						{"origin": [4, 0, -7], "size": [1, 1, 1], "uv": [60, 62], "mirror": false},
						{"origin": [5, 0, -7], "size": [1, 1, 1], "uv": [60, 62], "mirror": false},
						{"origin": [6, 0, -7], "size": [1, 1, 1], "uv": [60, 62], "mirror": false},
						{"origin": [7, 0, -7], "size": [1, 1, 1], "uv": [60, 62], "mirror": false},
						{"origin": [2, 0, -8], "size": [1, 1, 1], "uv": [60, 62], "mirror": false},
						{"origin": [3, 0, -8], "size": [1, 1, 1], "uv": [60, 62], "mirror": false},
						{"origin": [4, 0, -8], "size": [1, 1, 1], "uv": [60, 62], "mirror": false},
						{"origin": [5, 0, -8], "size": [1, 1, 1], "uv": [60, 62], "mirror": false},
						{"origin": [6, 0, -8], "size": [1, 1, 1], "uv": [60, 62], "mirror": false},
						{"origin": [7, 0, -8], "size": [1, 1, 1], "uv": [60, 62], "mirror": false},
						{"origin": [1, 0, -8], "size": [1, 1, 1], "uv": [60, 62], "mirror": false},
						{"origin": [0, 0, -8], "size": [1, 1, 1], "uv": [60, 62], "mirror": false},
						{"origin": [-1, 0, -8], "size": [1, 1, 1], "uv": [60, 62], "mirror": false},
						{"origin": [-2, 0, -8], "size": [1, 1, 1], "uv": [21, 62], "mirror": false},
						{"origin": [-3, 0, -8], "size": [1, 1, 1], "uv": [21, 62], "mirror": false},
						{"origin": [-4, 0, -8], "size": [1, 1, 1], "uv": [18, 62], "mirror": false},
						{"origin": [-5, 0, -8], "size": [1, 1, 1], "uv": [12, 62], "mirror": false},
						{"origin": [-6, 0, -8], "size": [1, 1, 1], "uv": [60, 62], "mirror": false},
						{"origin": [-7, 0, -8], "size": [1, 1, 1], "uv": [60, 62], "mirror": false},
						{"origin": [-8, 0, -8], "size": [1, 1, 1], "uv": [60, 62], "mirror": false},
						{"origin": [3, 0, -6], "size": [1, 1, 1], "uv": [60, 62], "mirror": false},
						{"origin": [4, 0, -6], "size": [1, 1, 1], "uv": [60, 62], "mirror": false},
						{"origin": [5, 0, -6], "size": [1, 1, 1], "uv": [60, 62], "mirror": false},
						{"origin": [6, 0, -6], "size": [1, 1, 1], "uv": [60, 62], "mirror": false},
						{"origin": [7, 0, -6], "size": [1, 1, 1], "uv": [60, 62], "mirror": false},
						{"origin": [-4, 0, -6], "size": [1, 1, 1], "uv": [21, 52], "mirror": false},
						{"origin": [-5, 0, -6], "size": [1, 1, 1], "uv": [13, 53], "mirror": false},
						{"origin": [-6, 0, -6], "size": [1, 1, 1], "uv": [8, 53], "mirror": false},
						{"origin": [-7, 0, -6], "size": [1, 1, 1], "uv": [4, 53], "mirror": false},
						{"origin": [-8, 0, -6], "size": [1, 1, 1], "uv": [60, 62], "mirror": false},
						{"origin": [4, 0, -5], "size": [1, 1, 1], "uv": [60, 62], "mirror": false},
						{"origin": [5, 0, -5], "size": [1, 1, 1], "uv": [60, 62], "mirror": false},
						{"origin": [6, 0, -5], "size": [1, 1, 1], "uv": [60, 62], "mirror": false},
						{"origin": [7, 0, -5], "size": [1, 1, 1], "uv": [60, 62], "mirror": false},
						{"origin": [-5, 0, -5], "size": [1, 1, 1], "uv": [13, 49], "mirror": false},
						{"origin": [-6, 0, -5], "size": [1, 1, 1], "uv": [8, 49], "mirror": false},
						{"origin": [-7, 0, -5], "size": [1, 1, 1], "uv": [4, 49], "mirror": false},
						{"origin": [-8, 0, -5], "size": [1, 1, 1], "uv": [60, 62], "mirror": false},
						{"origin": [4, 0, -4], "size": [1, 1, 1], "uv": [60, 62], "mirror": false},
						{"origin": [5, 0, -4], "size": [1, 1, 1], "uv": [60, 62], "mirror": false},
						{"origin": [6, 0, -4], "size": [1, 1, 1], "uv": [60, 62], "mirror": false},
						{"origin": [7, 0, -4], "size": [1, 1, 1], "uv": [60, 62], "mirror": false},
						{"origin": [-5, 0, -4], "size": [1, 1, 1], "uv": [18, 42], "mirror": false},
						{"origin": [-6, 0, -4], "size": [1, 1, 1], "uv": [10, 45], "mirror": false},
						{"origin": [-7, 0, -4], "size": [1, 1, 1], "uv": [4, 45], "mirror": false},
						{"origin": [-8, 0, -4], "size": [1, 1, 1], "uv": [60, 62], "mirror": false},
						{"origin": [5, 0, -3], "size": [1, 1, 1], "uv": [60, 62], "mirror": false},
						{"origin": [6, 0, -3], "size": [1, 1, 1], "uv": [60, 62], "mirror": false},
						{"origin": [6, 0, -2], "size": [1, 1, 1], "uv": [60, 62], "mirror": false},
						{"origin": [6, 0, -1], "size": [1, 1, 1], "uv": [60, 62], "mirror": false},
						{"origin": [7, 0, -3], "size": [1, 1, 1], "uv": [60, 62], "mirror": false},
						{"origin": [7, 0, -2], "size": [1, 1, 1], "uv": [60, 62], "mirror": false},
						{"origin": [7, 0, -1], "size": [1, 1, 1], "uv": [60, 62], "mirror": false},
						{"origin": [-6, 0, -3], "size": [1, 1, 1], "uv": [10, 45], "mirror": false},
						{"origin": [-8, 0, -3], "size": [1, 1, 1], "uv": [60, 62], "mirror": false},
						{"origin": [-7, 0, -3], "size": [1, 1, 1], "uv": [4, 45], "mirror": false},
						{"origin": [5, 0, -2], "size": [1, 1, 1], "uv": [60, 62], "mirror": false},
						{"origin": [-6, 0, -2], "size": [1, 1, 1], "uv": [8, 38], "mirror": false},
						{"origin": [-7, 0, -2], "size": [1, 1, 1], "uv": [4, 36], "mirror": false},
						{"origin": [-8, 0, -2], "size": [1, 1, 1], "uv": [60, 62], "mirror": false},
						{"origin": [5, 0, -1], "size": [1, 1, 1], "uv": [52, 33], "mirror": false},
						{"origin": [-6, 0, -1], "size": [1, 1, 1], "uv": [4, 38], "mirror": false},
						{"origin": [-7, 0, -1], "size": [1, 1, 1], "uv": [60, 62], "mirror": false},
						{"origin": [-8, 0, -1], "size": [1, 1, 1], "uv": [60, 62], "mirror": false},
						{"origin": [5, 0, 0], "size": [1, 1, 1], "uv": [48, 33], "mirror": false},
						{"origin": [6, 0, 0], "size": [1, 1, 1], "uv": [56, 29], "mirror": false},
						{"origin": [7, 0, 0], "size": [1, 1, 1], "uv": [60, 62], "mirror": false},
						{"origin": [-6, 0, 0], "size": [1, 1, 1], "uv": [8, 29], "mirror": false},
						{"origin": [-7, 0, 0], "size": [1, 1, 1], "uv": [60, 62], "mirror": false},
						{"origin": [-8, 0, 0], "size": [1, 1, 1], "uv": [60, 62], "mirror": false},
						{"origin": [4, 0, 1], "size": [1, 1, 1], "uv": [47, 29], "mirror": false},
						{"origin": [5, 0, 1], "size": [1, 1, 1], "uv": [48, 25], "mirror": false},
						{"origin": [6, 0, 1], "size": [1, 1, 1], "uv": [52, 25], "mirror": false},
						{"origin": [7, 0, 1], "size": [1, 1, 1], "uv": [56, 29], "mirror": false},
						{"origin": [-5, 0, 1], "size": [1, 1, 1], "uv": [8, 29], "mirror": false},
						{"origin": [-6, 0, 1], "size": [1, 1, 1], "uv": [60, 62], "mirror": false},
						{"origin": [-7, 0, 1], "size": [1, 1, 1], "uv": [60, 62], "mirror": false},
						{"origin": [-8, 0, 1], "size": [1, 1, 1], "uv": [60, 62], "mirror": false},
						{"origin": [4, 0, 2], "size": [1, 1, 1], "uv": [44, 21], "mirror": false},
						{"origin": [-5, 0, 2], "size": [1, 1, 1], "uv": [60, 62], "mirror": false},
						{"origin": [-6, 0, 2], "size": [1, 1, 1], "uv": [60, 62], "mirror": false},
						{"origin": [-7, 0, 2], "size": [1, 1, 1], "uv": [60, 62], "mirror": false},
						{"origin": [-8, 0, 2], "size": [1, 1, 1], "uv": [60, 62], "mirror": false},
						{"origin": [3, 0, 3], "size": [1, 1, 1], "uv": [43, 15], "mirror": false},
						{"origin": [4, 0, 3], "size": [1, 1, 1], "uv": [42, 14], "mirror": false},
						{"origin": [5, 0, 3], "size": [1, 1, 1], "uv": [48, 20], "mirror": false},
						{"origin": [5, 0, 2], "size": [1, 1, 1], "uv": [48, 25], "mirror": false},
						{"origin": [7, 0, 3], "size": [1, 1, 1], "uv": [56, 25], "mirror": false},
						{"origin": [7, 0, 2], "size": [1, 1, 1], "uv": [56, 28], "mirror": false},
						{"origin": [6, 0, 3], "size": [1, 1, 1], "uv": [51, 16], "mirror": false},
						{"origin": [6, 0, 2], "size": [1, 1, 1], "uv": [52, 21], "mirror": false},
						{"origin": [-4, 0, 3], "size": [1, 1, 1], "uv": [60, 62], "mirror": false},
						{"origin": [-5, 0, 3], "size": [1, 1, 1], "uv": [60, 62], "mirror": false},
						{"origin": [-6, 0, 3], "size": [1, 1, 1], "uv": [60, 62], "mirror": false},
						{"origin": [-7, 0, 3], "size": [1, 1, 1], "uv": [60, 62], "mirror": false},
						{"origin": [-8, 0, 3], "size": [1, 1, 1], "uv": [60, 62], "mirror": false},
						{"origin": [2, 0, 4], "size": [1, 1, 1], "uv": [42, 15], "mirror": false},
						{"origin": [3, 0, 4], "size": [1, 1, 1], "uv": [42, 16], "mirror": false},
						{"origin": [4, 0, 4], "size": [1, 1, 1], "uv": [43, 16], "mirror": false},
						{"origin": [5, 0, 4], "size": [1, 1, 1], "uv": [48, 17], "mirror": false},
						{"origin": [6, 0, 4], "size": [1, 1, 1], "uv": [52, 16], "mirror": false},
						{"origin": [7, 0, 4], "size": [1, 1, 1], "uv": [56, 24], "mirror": false},
						{"origin": [2, 0, 3], "size": [1, 1, 1], "uv": [41, 14], "mirror": false},
						{"origin": [1, 0, 3], "size": [1, 1, 1], "uv": [33, 17], "mirror": false},
						{"origin": [1, 0, 4], "size": [1, 1, 1], "uv": [42, 17], "mirror": false},
						{"origin": [0, 0, 4], "size": [1, 1, 1], "uv": [32, 17], "mirror": false},
						{"origin": [-1, 0, 4], "size": [1, 1, 1], "uv": [28, 13], "mirror": false},
						{"origin": [-2, 0, 4], "size": [1, 1, 1], "uv": [20, 17], "mirror": false},
						{"origin": [-2, 0, 3], "size": [1, 1, 1], "uv": [16, 15], "mirror": false},
						{"origin": [-1, 0, 3], "size": [1, 1, 1], "uv": [32, 17], "mirror": false},
						{"origin": [0, 0, 3], "size": [1, 1, 1], "uv": [34, 17], "mirror": false},
						{"origin": [0, 0, 2], "size": [1, 1, 1], "uv": [29, 25], "mirror": false},
						{"origin": [1, 0, 2], "size": [1, 1, 1], "uv": [36, 21], "mirror": false},
						{"origin": [2, 0, 2], "size": [1, 1, 1], "uv": [40, 21], "mirror": false},
						{"origin": [2, 0, 1], "size": [1, 1, 1], "uv": [40, 26], "mirror": false},
						{"origin": [1, 0, 1], "size": [1, 1, 1], "uv": [33, 24], "mirror": false},
						{"origin": [0, 0, 1], "size": [1, 1, 1], "uv": [32, 24], "mirror": false},
						{"origin": [-1, 0, 1], "size": [1, 1, 1], "uv": [33, 28], "mirror": false},
						{"origin": [-2, 0, 1], "size": [1, 1, 1], "uv": [32, 26], "mirror": false},
						{"origin": [-3, 0, 1], "size": [1, 1, 1], "uv": [24, 25], "mirror": false},
						{"origin": [-4, 0, 1], "size": [1, 1, 1], "uv": [18, 22], "mirror": false},
						{"origin": [-4, 0, 2], "size": [1, 1, 1], "uv": [12, 25], "mirror": false},
						{"origin": [3, 0, 2], "size": [1, 1, 1], "uv": [42, 15], "mirror": false},
						{"origin": [3, 0, 1], "size": [1, 1, 1], "uv": [46, 28], "mirror": false},
						{"origin": [3, 0, 0], "size": [1, 1, 1], "uv": [37, 37], "mirror": false},
						{"origin": [2, 0, 0], "size": [1, 1, 1], "uv": [34, 29], "mirror": false},
						{"origin": [1, 0, 0], "size": [1, 1, 1], "uv": [32, 27], "mirror": false},
						{"origin": [0, 0, 0], "size": [1, 1, 1], "uv": [31, 26], "mirror": false},
						{"origin": [-1, 0, 0], "size": [1, 1, 1], "uv": [34, 30], "mirror": false},
						{"origin": [-2, 0, 0], "size": [1, 1, 1], "uv": [23, 29], "mirror": false},
						{"origin": [-3, 0, 0], "size": [1, 1, 1], "uv": [20, 29], "mirror": false},
						{"origin": [-4, 0, 0], "size": [1, 1, 1], "uv": [16, 29], "mirror": false},
						{"origin": [-5, 0, 0], "size": [1, 1, 1], "uv": [12, 29], "mirror": false},
						{"origin": [4, 0, 0], "size": [1, 1, 1], "uv": [31, 44], "mirror": false},
						{"origin": [4, 0, -1], "size": [1, 1, 1], "uv": [32, 49], "mirror": false},
						{"origin": [3, 0, -1], "size": [1, 1, 1], "uv": [30, 45], "mirror": false},
						{"origin": [2, 0, -1], "size": [1, 1, 1], "uv": [35, 41], "mirror": false},
						{"origin": [1, 0, -1], "size": [1, 1, 1], "uv": [35, 30], "mirror": false},
						{"origin": [0, 0, -1], "size": [1, 1, 1], "uv": [32, 28], "mirror": false},
						{"origin": [-1, 0, -1], "size": [1, 1, 1], "uv": [28, 33], "mirror": false},
						{"origin": [-2, 0, -1], "size": [1, 1, 1], "uv": [24, 33], "mirror": false},
						{"origin": [-3, 0, -1], "size": [1, 1, 1], "uv": [20, 40], "mirror": false},
						{"origin": [-4, 0, -1], "size": [1, 1, 1], "uv": [17, 39], "mirror": false},
						{"origin": [-5, 0, -1], "size": [1, 1, 1], "uv": [12, 33], "mirror": false},
						{"origin": [3, 0, -2], "size": [1, 1, 1], "uv": [32, 49], "mirror": false},
						{"origin": [2, 0, -2], "size": [1, 1, 1], "uv": [30, 44], "mirror": false},
						{"origin": [1, 0, -2], "size": [1, 1, 1], "uv": [34, 41], "mirror": false},
						{"origin": [0, 0, -2], "size": [1, 1, 1], "uv": [34, 28], "mirror": false},
						{"origin": [-1, 0, -2], "size": [1, 1, 1], "uv": [28, 37], "mirror": false},
						{"origin": [-2, 0, -2], "size": [1, 1, 1], "uv": [21, 41], "mirror": false},
						{"origin": [-3, 0, -2], "size": [1, 1, 1], "uv": [21, 41], "mirror": false},
						{"origin": [-4, 0, -2], "size": [1, 1, 1], "uv": [21, 40], "mirror": false},
						{"origin": [-5, 0, -2], "size": [1, 1, 1], "uv": [12, 37], "mirror": false},
						{"origin": [4, 0, -2], "size": [1, 1, 1], "uv": [48, 37], "mirror": false},
						{"origin": [4, 0, -3], "size": [1, 1, 1], "uv": [60, 62], "mirror": false},
						{"origin": [3, 0, -3], "size": [1, 1, 1], "uv": [44, 41], "mirror": false},
						{"origin": [2, 0, -3], "size": [1, 1, 1], "uv": [32, 49], "mirror": false},
						{"origin": [1, 0, -3], "size": [1, 1, 1], "uv": [30, 45], "mirror": false},
						{"origin": [0, 0, -3], "size": [1, 1, 1], "uv": [32, 41], "mirror": false},
						{"origin": [-1, 0, -3], "size": [1, 1, 1], "uv": [21, 41], "mirror": false},
						{"origin": [-2, 0, -3], "size": [1, 1, 1], "uv": [22, 42], "mirror": false},
						{"origin": [-3, 0, -3], "size": [1, 1, 1], "uv": [17, 38], "mirror": false},
						{"origin": [-4, 0, -3], "size": [1, 1, 1], "uv": [19, 40], "mirror": false},
						{"origin": [-5, 0, -3], "size": [1, 1, 1], "uv": [15, 41], "mirror": false},
						{"origin": [3, 0, -4], "size": [1, 1, 1], "uv": [60, 62], "mirror": false},
						{"origin": [2, 0, -4], "size": [1, 1, 1], "uv": [40, 45], "mirror": false},
						{"origin": [1, 0, -4], "size": [1, 1, 1], "uv": [32, 49], "mirror": false},
						{"origin": [0, 0, -4], "size": [1, 1, 1], "uv": [22, 53], "mirror": false},
						{"origin": [-1, 0, -4], "size": [1, 1, 1], "uv": [33, 42], "mirror": false},
						{"origin": [-2, 0, -4], "size": [1, 1, 1], "uv": [23, 42], "mirror": false},
						{"origin": [-3, 0, -4], "size": [1, 1, 1], "uv": [21, 41], "mirror": false},
						{"origin": [-4, 0, -4], "size": [1, 1, 1], "uv": [20, 42], "mirror": false},
						{"origin": [3, 0, -5], "size": [1, 1, 1], "uv": [60, 62], "mirror": false},
						{"origin": [2, 0, -5], "size": [1, 1, 1], "uv": [60, 62], "mirror": false},
						{"origin": [2, 0, -6], "size": [1, 1, 1], "uv": [60, 62], "mirror": false},
						{"origin": [1, 0, -6], "size": [1, 1, 1], "uv": [60, 62], "mirror": false},
						{"origin": [0, 0, -6], "size": [1, 1, 1], "uv": [32, 53], "mirror": false},
						{"origin": [-2, 0, -6], "size": [1, 1, 1], "uv": [22, 53], "mirror": false},
						{"origin": [-3, 0, -6], "size": [1, 1, 1], "uv": [22, 52], "mirror": false},
						{"origin": [-1, 0, -6], "size": [1, 1, 1], "uv": [28, 54], "mirror": false},
						{"origin": [1, 0, -5], "size": [1, 1, 1], "uv": [36, 49], "mirror": false},
						{"origin": [0, 0, -5], "size": [1, 1, 1], "uv": [32, 49], "mirror": false},
						{"origin": [-1, 0, -5], "size": [1, 1, 1], "uv": [21, 52], "mirror": false},
						{"origin": [-2, 0, -5], "size": [1, 1, 1], "uv": [23, 52], "mirror": false},
						{"origin": [-3, 0, -5], "size": [1, 1, 1], "uv": [21, 49], "mirror": false},
						{"origin": [-4, 0, -5], "size": [1, 1, 1], "uv": [14, 49], "mirror": false},
						{"origin": [-1, 0, 2], "size": [1, 1, 1], "uv": [30, 22], "mirror": false},
						{"origin": [-2, 0, 2], "size": [1, 1, 1], "uv": [28, 21], "mirror": false},
						{"origin": [-3, 0, 2], "size": [1, 1, 1], "uv": [18, 20], "mirror": false},
						{"origin": [-3, 0, 3], "size": [1, 1, 1], "uv": [16, 21], "mirror": false},
						{"origin": [-3, 0, 4], "size": [1, 1, 1], "uv": [60, 62], "mirror": false},
						{"origin": [-4, 0, 4], "size": [1, 1, 1], "uv": [60, 62], "mirror": false},
						{"origin": [-5, 0, 4], "size": [1, 1, 1], "uv": [60, 62], "mirror": false},
						{"origin": [-6, 0, 4], "size": [1, 1, 1], "uv": [60, 62], "mirror": false},
						{"origin": [-7, 0, 4], "size": [1, 1, 1], "uv": [60, 62], "mirror": false},
						{"origin": [-8, 0, 4], "size": [1, 1, 1], "uv": [60, 62], "mirror": false},
						{"origin": [1, 0, 5], "size": [1, 1, 1], "uv": [41, 13], "mirror": false},
						{"origin": [2, 0, 5], "size": [1, 1, 1], "uv": [42, 17], "mirror": false},
						{"origin": [3, 0, 5], "size": [1, 1, 1], "uv": [42, 16], "mirror": false},
						{"origin": [4, 0, 5], "size": [1, 1, 1], "uv": [48, 13], "mirror": false},
						{"origin": [5, 0, 5], "size": [1, 1, 1], "uv": [48, 12], "mirror": false},
						{"origin": [6, 0, 5], "size": [1, 1, 1], "uv": [52, 20], "mirror": false},
						{"origin": [7, 0, 5], "size": [1, 1, 1], "uv": [60, 25], "mirror": false},
						{"origin": [0, 0, 5], "size": [1, 1, 1], "uv": [26, 10], "mirror": false},
						{"origin": [-1, 0, 5], "size": [1, 1, 1], "uv": [24, 13], "mirror": false},
						{"origin": [-1, 0, 6], "size": [1, 1, 1], "uv": [24, 9], "mirror": false},
						{"origin": [0, 0, 6], "size": [1, 1, 1], "uv": [28, 9], "mirror": false},
						{"origin": [1, 0, 6], "size": [1, 1, 1], "uv": [32, 9], "mirror": false},
						{"origin": [2, 0, 6], "size": [1, 1, 1], "uv": [40, 13], "mirror": false},
						{"origin": [3, 0, 6], "size": [1, 1, 1], "uv": [41, 13], "mirror": false},
						{"origin": [4, 0, 6], "size": [1, 1, 1], "uv": [44, 12], "mirror": false},
						{"origin": [5, 0, 6], "size": [1, 1, 1], "uv": [47, 13], "mirror": false},
						{"origin": [6, 0, 6], "size": [1, 1, 1], "uv": [60, 12], "mirror": false},
						{"origin": [7, 0, 6], "size": [1, 1, 1], "uv": [60, 62], "mirror": false},
						{"origin": [-2, 0, 5], "size": [1, 1, 1], "uv": [18, 10], "mirror": false},
						{"origin": [-3, 0, 5], "size": [1, 1, 1], "uv": [60, 62], "mirror": false},
						{"origin": [-5, 0, 5], "size": [1, 1, 1], "uv": [60, 62], "mirror": false},
						{"origin": [-6, 0, 5], "size": [1, 1, 1], "uv": [60, 62], "mirror": false},
						{"origin": [-7, 0, 5], "size": [1, 1, 1], "uv": [60, 62], "mirror": false},
						{"origin": [-8, 0, 5], "size": [1, 1, 1], "uv": [60, 62], "mirror": false},
						{"origin": [-4, 0, 5], "size": [1, 1, 1], "uv": [60, 62], "mirror": false},
						{"origin": [-2, 0, 6], "size": [1, 1, 1], "uv": [60, 62], "mirror": false},
						{"origin": [-2, 0, 7], "size": [1, 1, 1], "uv": [60, 62], "mirror": false},
						{"origin": [-1, 0, 7], "size": [1, 1, 1], "uv": [60, 62], "mirror": false},
						{"origin": [0, 0, 7], "size": [1, 1, 1], "uv": [60, 62], "mirror": false},
						{"origin": [1, 0, 7], "size": [1, 1, 1], "uv": [60, 62], "mirror": false},
						{"origin": [2, 0, 7], "size": [1, 1, 1], "uv": [40, 5], "mirror": false},
						{"origin": [3, 0, 7], "size": [1, 1, 1], "uv": [43, 5], "mirror": false},
						{"origin": [4, 0, 7], "size": [1, 1, 1], "uv": [44, 5], "mirror": false},
						{"origin": [5, 0, 7], "size": [1, 1, 1], "uv": [47, 6], "mirror": false},
						{"origin": [6, 0, 7], "size": [1, 1, 1], "uv": [60, 62], "mirror": false},
						{"origin": [7, 0, 7], "size": [1, 1, 1], "uv": [60, 62], "mirror": false},
						{"origin": [-3, 0, 6], "size": [1, 1, 1], "uv": [60, 62], "mirror": false},
						{"origin": [-3, 0, 7], "size": [1, 1, 1], "uv": [60, 62], "mirror": false},
						{"origin": [-4, 0, 7], "size": [1, 1, 1], "uv": [60, 62], "mirror": false},
						{"origin": [-5, 0, 7], "size": [1, 1, 1], "uv": [60, 62], "mirror": false},
						{"origin": [-6, 0, 7], "size": [1, 1, 1], "uv": [60, 62], "mirror": false},
						{"origin": [-7, 0, 7], "size": [1, 1, 1], "uv": [60, 62], "mirror": false},
						{"origin": [-8, 0, 7], "size": [1, 1, 1], "uv": [60, 62], "mirror": false},
						{"origin": [-8, 0, 6], "size": [1, 1, 1], "uv": [60, 62], "mirror": false},
						{"origin": [-6, 0, 6], "size": [1, 1, 1], "uv": [60, 62], "mirror": false},
						{"origin": [-5, 0, 6], "size": [1, 1, 1], "uv": [60, 62], "mirror": false},
						{"origin": [-4, 0, 6], "size": [1, 1, 1], "uv": [60, 62], "mirror": false},
						{"origin": [-7, 0, 6], "size": [1, 1, 1], "uv": [60, 62], "mirror": false},
						{"origin": [-3, 0, -7], "size": [1, 1, 1], "uv": [19, 57], "mirror": false},
						{"origin": [-4, 0, -7], "size": [1, 1, 1], "uv": [16, 57], "mirror": false},
						{"origin": [-5, 0, -7], "size": [1, 1, 1], "uv": [12, 57], "mirror": false},
						{"origin": [-6, 0, -7], "size": [1, 1, 1], "uv": [8, 57], "mirror": false},
						{"origin": [-7, 0, -7], "size": [1, 1, 1], "uv": [60, 62], "mirror": false},
						{"origin": [-8, 0, -7], "size": [1, 1, 1], "uv": [60, 62], "mirror": false},
						{"origin": [-1, 0, 0], "size": [1, 1, 1], "uv": [0, 0], "mirror": false}
					]
				}
			]
		}
	]
}