{
	"format_version": "1.12.0",
	"minecraft:geometry": [
		{
			"description": {
				"identifier": "geometry.diamond",
				"texture_width": 64,
				"texture_height": 64,
				"visible_bounds_width": 2,
				"visible_bounds_height": 1,
				"visible_bounds_offset": [0, 0.5, 0]
			},
			"bones": [
				{
					"name": "basePlate",
					"pivot": [0, 0, 0],
					"mirror": true,
					"cubes": [
						{"origin": [0, 0, -7], "size": [1, 1, 1], "uv": [34, 57]},
						{"origin": [-1, 0, -7], "size": [1, 1, 1], "uv": [33, 57]},
						{"origin": [-2, 0, -7], "size": [1, 1, 1], "uv": [33, 57]},
						{"origin": [1, 0, -7], "size": [1, 1, 1], "uv": [33, 57]},
						{"origin": [2, 0, -7], "size": [1, 1, 1], "uv": [33, 57]},
						{"origin": [3, 0, -6], "size": [1, 1, 1], "uv": [33, 57]},
						{"origin": [-4, 0, -6], "size": [1, 1, 1], "uv": [33, 57]},
						{"origin": [4, 0, -5], "size": [1, 1, 1], "uv": [33, 57]},
						{"origin": [-5, 0, -5], "size": [1, 1, 1], "uv": [33, 57]},
						{"origin": [4, 0, -4], "size": [1, 1, 1], "uv": [33, 57]},
						{"origin": [-5, 0, -4], "size": [1, 1, 1], "uv": [33, 57]},
						{"origin": [5, 0, -3], "size": [1, 1, 1], "uv": [33, 57]},
						{"origin": [-6, 0, -3], "size": [1, 1, 1], "uv": [8, 41]},
						{"origin": [5, 0, -2], "size": [1, 1, 1], "uv": [33, 57]},
						{"origin": [-6, 0, -2], "size": [1, 1, 1], "uv": [8, 41]},
						{"origin": [5, 0, -1], "size": [1, 1, 1], "uv": [33, 57]},
						{"origin": [-6, 0, -1], "size": [1, 1, 1], "uv": [8, 38]},
						{"origin": [5, 0, 0], "size": [1, 1, 1], "uv": [33, 57]},
						{"origin": [-6, 0, 0], "size": [1, 1, 1], "uv": [8, 33]},
						{"origin": [4, 0, 1], "size": [1, 1, 1], "uv": [33, 57]},
						{"origin": [-5, 0, 1], "size": [1, 1, 1], "uv": [12, 24]},
						{"origin": [4, 0, 2], "size": [1, 1, 1], "uv": [33, 57]},
						{"origin": [-5, 0, 2], "size": [1, 1, 1], "uv": [12, 24]},
						{"origin": [3, 0, 3], "size": [1, 1, 1], "uv": [33, 57]},
						{"origin": [-4, 0, 3], "size": [1, 1, 1], "uv": [16, 17]},
						{"origin": [2, 0, 4], "size": [1, 1, 1], "uv": [40, 14]},
						{"origin": [2, 0, 3], "size": [1, 1, 1], "uv": [40, 17]},
						{"origin": [1, 0, 3], "size": [1, 1, 1], "uv": [36, 17]},
						{"origin": [1, 0, 4], "size": [1, 1, 1], "uv": [36, 12]},
						{"origin": [0, 0, 4], "size": [1, 1, 1], "uv": [36, 17]},
						{"origin": [-1, 0, 4], "size": [1, 1, 1], "uv": [36, 17]},
						{"origin": [-2, 0, 4], "size": [1, 1, 1], "uv": [36, 17]},
						{"origin": [-2, 0, 3], "size": [1, 1, 1], "uv": [24, 17]},
						{"origin": [-1, 0, 3], "size": [1, 1, 1], "uv": [28, 16]},
						{"origin": [0, 0, 3], "size": [1, 1, 1], "uv": [32, 17]},
						{"origin": [0, 0, 2], "size": [1, 1, 1], "uv": [32, 20]},
						{"origin": [1, 0, 2], "size": [1, 1, 1], "uv": [36, 21]},
						{"origin": [2, 0, 2], "size": [1, 1, 1], "uv": [41, 24]},
						{"origin": [2, 0, 1], "size": [1, 1, 1], "uv": [41, 24]},
						{"origin": [1, 0, 1], "size": [1, 1, 1], "uv": [36, 25]},
						{"origin": [0, 0, 1], "size": [1, 1, 1], "uv": [33, 29]},
						{"origin": [-1, 0, 1], "size": [1, 1, 1], "uv": [26, 30]},
						{"origin": [-2, 0, 1], "size": [1, 1, 1], "uv": [25, 30]},
						{"origin": [-3, 0, 1], "size": [1, 1, 1], "uv": [20, 25]},
						{"origin": [-4, 0, 1], "size": [1, 1, 1], "uv": [36, 17]},
						{"origin": [-4, 0, 2], "size": [1, 1, 1], "uv": [36, 17]},
						{"origin": [3, 0, 2], "size": [1, 1, 1], "uv": [44, 21]},
						{"origin": [3, 0, 1], "size": [1, 1, 1], "uv": [42, 25]},
						{"origin": [3, 0, 0], "size": [1, 1, 1], "uv": [48, 30]},
						{"origin": [2, 0, 0], "size": [1, 1, 1], "uv": [40, 30]},
						{"origin": [1, 0, 0], "size": [1, 1, 1], "uv": [34, 30]},
						{"origin": [0, 0, 0], "size": [1, 1, 1], "uv": [33, 32]},
						{"origin": [-1, 0, 0], "size": [1, 1, 1], "uv": [33, 30]},
						{"origin": [-2, 0, 0], "size": [1, 1, 1], "uv": [25, 29]},
						{"origin": [-3, 0, 0], "size": [1, 1, 1], "uv": [36, 17]},
						{"origin": [-4, 0, 0], "size": [1, 1, 1], "uv": [16, 29]},
						{"origin": [-5, 0, 0], "size": [1, 1, 1], "uv": [36, 17]},
						{"origin": [4, 0, 0], "size": [1, 1, 1], "uv": [48, 29]},
						{"origin": [4, 0, -1], "size": [1, 1, 1], "uv": [48, 32]},
						{"origin": [3, 0, -1], "size": [1, 1, 1], "uv": [48, 31]},
						{"origin": [2, 0, -1], "size": [1, 1, 1], "uv": [40, 34]},
						{"origin": [1, 0, -1], "size": [1, 1, 1], "uv": [33, 30]},
						{"origin": [0, 0, -1], "size": [1, 1, 1], "uv": [32, 31]},
						{"origin": [-1, 0, -1], "size": [1, 1, 1], "uv": [33, 31]},
						{"origin": [-2, 0, -1], "size": [1, 1, 1], "uv": [24, 29]},
						{"origin": [-3, 0, -1], "size": [1, 1, 1], "uv": [20, 33]},
						{"origin": [-4, 0, -1], "size": [1, 1, 1], "uv": [16, 32]},
						{"origin": [-5, 0, -1], "size": [1, 1, 1], "uv": [36, 17]},
						{"origin": [3, 0, -2], "size": [1, 1, 1], "uv": [44, 33]},
						{"origin": [2, 0, -2], "size": [1, 1, 1], "uv": [40, 37]},
						{"origin": [1, 0, -2], "size": [1, 1, 1], "uv": [36, 37]},
						{"origin": [0, 0, -2], "size": [1, 1, 1], "uv": [29, 35]},
						{"origin": [-1, 0, -2], "size": [1, 1, 1], "uv": [29, 34]},
						{"origin": [-2, 0, -2], "size": [1, 1, 1], "uv": [30, 35]},
						{"origin": [-3, 0, -2], "size": [1, 1, 1], "uv": [20, 37]},
						{"origin": [-4, 0, -2], "size": [1, 1, 1], "uv": [36, 17]},
						{"origin": [-5, 0, -2], "size": [1, 1, 1], "uv": [36, 17]},
						{"origin": [4, 0, -2], "size": [1, 1, 1], "uv": [48, 36]},
						{"origin": [4, 0, -3], "size": [1, 1, 1], "uv": [48, 41]},
						{"origin": [3, 0, -3], "size": [1, 1, 1], "uv": [44, 41]},
						{"origin": [2, 0, -3], "size": [1, 1, 1], "uv": [40, 41]},
						{"origin": [1, 0, -3], "size": [1, 1, 1], "uv": [33, 41]},
						{"origin": [0, 0, -3], "size": [1, 1, 1], "uv": [30, 40]},
						{"origin": [-1, 0, -3], "size": [1, 1, 1], "uv": [29, 40]},
						{"origin": [-2, 0, -3], "size": [1, 1, 1], "uv": [27, 41]},
						{"origin": [-3, 0, -3], "size": [1, 1, 1], "uv": [17, 41]},
						{"origin": [-4, 0, -3], "size": [1, 1, 1], "uv": [16, 41]},
						{"origin": [-5, 0, -3], "size": [1, 1, 1], "uv": [12, 41]},
						{"origin": [3, 0, -4], "size": [1, 1, 1], "uv": [44, 45]},
						{"origin": [2, 0, -4], "size": [1, 1, 1], "uv": [31, 41]},
						{"origin": [1, 0, -4], "size": [1, 1, 1], "uv": [29, 45]},
						{"origin": [0, 0, -4], "size": [1, 1, 1], "uv": [29, 47]},
						{"origin": [-1, 0, -4], "size": [1, 1, 1], "uv": [29, 46]},
						{"origin": [-2, 0, -4], "size": [1, 1, 1], "uv": [29, 44]},
						{"origin": [-3, 0, -4], "size": [1, 1, 1], "uv": [26, 41]},
						{"origin": [-4, 0, -4], "size": [1, 1, 1], "uv": [16, 45]},
						{"origin": [3, 0, -5], "size": [1, 1, 1], "uv": [44, 49]},
						{"origin": [2, 0, -5], "size": [1, 1, 1], "uv": [31, 41]},
						{"origin": [2, 0, -6], "size": [1, 1, 1], "uv": [40, 53]},
						{"origin": [1, 0, -6], "size": [1, 1, 1], "uv": [33, 54]},
						{"origin": [0, 0, -6], "size": [1, 1, 1], "uv": [32, 53]},
						{"origin": [-2, 0, -6], "size": [1, 1, 1], "uv": [25, 53]},
						{"origin": [-3, 0, -6], "size": [1, 1, 1], "uv": [20, 53]},
						{"origin": [-1, 0, -6], "size": [1, 1, 1], "uv": [26, 53]},
						{"origin": [1, 0, -5], "size": [1, 1, 1], "uv": [34, 45]},
						{"origin": [0, 0, -5], "size": [1, 1, 1], "uv": [30, 47]},
						{"origin": [-1, 0, -5], "size": [1, 1, 1], "uv": [26, 47]},
						{"origin": [-2, 0, -5], "size": [1, 1, 1], "uv": [28, 45]},
						{"origin": [-3, 0, -5], "size": [1, 1, 1], "uv": [20, 49]},
						{"origin": [-4, 0, -5], "size": [1, 1, 1], "uv": [16, 50]},
						{"origin": [-1, 0, 2], "size": [1, 1, 1], "uv": [26, 21]},
						{"origin": [-2, 0, 2], "size": [1, 1, 1], "uv": [36, 17]},
						{"origin": [-3, 0, 2], "size": [1, 1, 1], "uv": [20, 22]},
						{"origin": [-3, 0, 3], "size": [1, 1, 1], "uv": [36, 17]},
						{"origin": [-3, 0, 4], "size": [1, 1, 1], "uv": [20, 13]},
						{"origin": [1, 0, 5], "size": [1, 1, 1], "uv": [28, 9]},
						{"origin": [0, 0, 5], "size": [1, 1, 1], "uv": [28, 10]},
						{"origin": [-1, 0, 5], "size": [1, 1, 1], "uv": [27, 9]},
						{"origin": [-2, 0, 5], "size": [1, 1, 1], "uv": [25, 9]},
						{"origin": [-3, 0, -7], "size": [1, 1, 1], "uv": [33, 57]}
					]
				}
			]
		}
	]
}