{
	"format_version": "1.12.0",
	"minecraft:geometry": [
		{
			"description": {
				"identifier": "geometry.efarmor",
				"texture_width": 64,
				"texture_height": 32,
				"visible_bounds_width": 2,
				"visible_bounds_height": 2,
				"visible_bounds_offset": [0, 1, 0]
			},
			"bones": [
				{
					"name": "body",
					"pivot": [0, 24, 0],
					"mirror": true,
					"cubes": [
						{"origin": [-5, 14, -3], "size": [10, 1, 6], "uv": [1, 13]},
						{"origin": [-1, 15, -3], "size": [2, 1, 6], "uv": [1, 13]},
						{"origin": [-2, 13, -3], "size": [4, 1, 1], "uv": [1, 13]},
						{"origin": [-2, 13, 2], "size": [4, 1, 1], "uv": [1, 13]},
						{"origin": [-5, 13, -2], "size": [1, 1, 4], "uv": [1, 13]},
						{"origin": [4, 13, -2], "size": [1, 1, 4], "uv": [1, 13]},
						{"origin": [-5, 8, -2], "size": [1, 3, 4], "uv": [1, 13]},
						{"origin": [4, 8, -2], "size": [1, 3, 4], "uv": [1, 13]},
						{"origin": [-5, 11, -3], "size": [1, 2, 6], "uv": [1, 13]},
						{"origin": [4, 11, -3], "size": [1, 2, 6], "uv": [1, 13]},
						{"origin": [-2, 8, -3], "size": [4, 3, 1], "uv": [1, 13]},
						{"origin": [-2, 8, 2], "size": [4, 3, 1], "uv": [1, 13]},
						{"origin": [-3, 11, -3], "size": [6, 2, 1], "uv": [1, 13]},
						{"origin": [-3, 11, 2], "size": [6, 2, 1], "uv": [1, 13]}
					]
				},
				{
					"name": "leftArm",
					"pivot": [-5, 22, 0],
					"mirror": true,
					"cubes": [
						{"origin": [-9, 20, -3], "size": [5, 5, 6], "uv": [0, 21], "mirror": false},
						{"origin": [-3, 18, -4], "size": [6, 3, 1], "uv": [0, 20], "mirror": false},
						{"origin": [-4, 19, -3], "size": [1, 1, 6], "uv": [0, 20], "mirror": false},
						{"origin": [3, 19, -3], "size": [1, 1, 6], "uv": [0, 20], "mirror": false}
					]
				},
				{
					"name": "rightArm",
					"pivot": [5, 22, 0],
					"mirror": true,
					"cubes": [
						{"origin": [4, 20, -3], "size": [5, 5, 6], "uv": [0, 21]}
					]
				}
			]
		}
	]
}