{
  "format_version": "1.10.0",
  "animation_controllers": {
    "controller.animation.impacted_geometries": {
      "initial_state": "default",
      "states": {
        "default": {
          "on_entry": [ "v.geo_type = 1;" ],
          "transitions": [
            { "multiple": "v.multiple" },
            { "door": "v.door" },
            { "trapdoor": "v.trapdoor" },
            { "cross": "v.cross" },
            { "stairs": "v.stairs" },
            { "fence": "v.fence" },
            { "sign": "v.sign" },
            { "sign_wall": "v.sign_wall" },
            { "pressure_plate": "v.pressure_plate" },
            { "button": "v.button" },
            { "fence_gate": "v.fence_gate" },
            { "slab": "v.slab" },
            { "pane": "v.n == '+iron_bars' || v.n == '+glass_pane' || v.n == '+stained_glass_pane'" },
            { "crop": "v.crop" },
            { "wall": "v.wall" },
            { "cake": "v.n == '+candle_cake' || v.n == '+cake'" },
            { "front_side": "v.front_side" },
            { "down_side": "v.down_side" },
            { "grass_path": "v.n == '+grass_path'" },
            { "coloidal": "(v.n == '+slime' || v.n == '+honey_block')" },
            { "azalea_sapling": "v.n == '+azalea' || v.n == '+flowering_azalea'" },
            { "small_dripleaf": "v.n == '+big_dripleaf' || v.n == '+small_dripleaf_block'" },
            { "spore_blossom": "v.n == '+spore_blossom'" }
          ]
        },
        "multiple": {
          "on_entry": [ "v.geo_type = 0;" ]
        },
        "door": {
          "on_entry": [ "v.geo_type = 2;" ]
        },
        "trapdoor": {
          "on_entry": [ "v.geo_type = 3;" ]
        },
        "cross": {
          "on_entry": [ "v.geo_type = 4;" ]
        },
        "stairs": {
          "on_entry": [ "v.geo_type = 5;" ]
        },
        "fence": {
          "on_entry": [ "v.geo_type = 6;" ]
        },
        "sign": {
          "on_entry": [ "v.geo_type = 7;" ]
        },
        "sign_wall": {
          "on_entry": [ "v.geo_type = 8;" ]
        },
        "pressure_plate": {
          "on_entry": [ "v.geo_type = 9;" ]
        },
        "button": {
          "on_entry": [ "v.geo_type = 10;" ]
        },
        "fence_gate": {
          "on_entry": [ "v.geo_type = 11;" ]
        },
        "slab": {
          "on_entry": [ "v.geo_type = 13;" ]
        },
        "pane": {
          "on_entry": [ "v.geo_type = 14;" ]
        },
        "crop": {
           "on_entry": [ "v.geo_type = 15;" ]
        },
        "cake": {
          "on_entry": [ "v.geo_type = 17;" ]
        },
        "front_side": {
          "on_entry": [ "v.geo_type = 18;" ]
        },
        "down_side": {
          "on_entry": [ "v.geo_type = 19;" ]
        },
        "wall": {
          "on_entry": [ "v.geo_type = 16;" ]
        },
        "coloidal": {
          "on_entry": [
            "v.geo_type = 20;" 
          ]
        },
        "grass_path": {
          "on_entry": [ "v.geo_type = 21;" ]
        },
        "azalea_sapling": {
          "on_entry": [ "v.geo_type = 22;" ]
        },
        "small_dripleaf": {
          "on_entry": [ "v.geo_type = 23;" ]
        },
        "spore_blossom": {
          "on_entry": [ "v.geo_type = 24;" ]
        }
      }
    },
    "controller.animation.impacted_textures": {
      "initial_state": "default",
      "states": {
        "default": {
          "transitions": [
            { "grass": "v.n == '+grass'" },
            { "dirt": "v.n == '+dirt'" },
            { "glass": "v.n == '+glass'"},
            { "planks": "v.n == '+standing_sign' || v.n == '+wall_sign' || v.n == '+wooden_button' || v.n == '+wooden_pressure_plate' || v.n == '+fence_gate' || v.n == '+fence' || v.n == '+double_wooden_slab' || v.n == '+wooden_slab' || v.n == '+oak_stairs' || v.n == '+planks'" },
            { "log": "v.n == '+log'" },
            { "wooden_door": "v.n == '+wooden_door'" },
            { "leaves": "v.n == '+leaves'" },
            { "leaves2": "v.n == '+leaves2'" },
            { "stone": "v.n == '+stone_button' || v.n == '+stone_pressure_plate' || v.n == '+normal_stone_stairs' || v.n == '+stone'"},
            { "log2": "v.n == '+log2'" },
            { "acacia_planks": "v.n == '+acacia_standing_sign' || v.n == '+acacia_wall_sign' || v.n == '+acacia_button' || v.n == '+acacia_pressure_plate' || v.n == '+acacia_fence_gate' || v.n == '+acacia_stairs'" },
            { "birch_planks": "v.n == '+birch_wall_sign' || v.n == '+birch_standing_sign' || v.n == '+birch_button' || v.n == '+birch_pressure_plate' || v.n == '+birch_fence_gate' || v.n == '+birch_stairs'" },
            { "spruce_planks": "v.n == '+spruce_standing_sign' || v.n == '+spruce_wall_sign' || v.n == '+spruce_button' || v.n == '+spruce_pressure_plate' || v.n == '+spruce_fence_gate' || v.n == '+spruce_stairs'" },
            { "jungle_planks": "v.n == '+jungle_standing_sign' || v.n == 'jungle_wall_sign' || v.n == '+jungle_button' || v.n == '+jungle_pressure_plate' || v.n == '+jungle_fence_gate' || v.n == '+jungle_stairs'" },
            { "dark_oak_planks": "v.n == '+darkoak_wall_sign' || v.n == '+darkoak_standing_sign' || v.n == '+dark_oak_button' || v.n == '+dark_oak_pressure_plate' || v.n == '+dark_oak_fence_gate' || v.n == '+dark_oak_stairs'" },
            { "crimson_planks": "v.n == '+crimson_wall_sign' || v.n == '+crimson_standing_sign' || v.n == '+crimson_button' || v.n == '+crimson_pressure_plate' || v.n == '+crimson_fence_gate' || v.n == '+crimson_fence' || v.n == '+crimson_double_slab' || v.n == '+crimson_slab' || v.n == '+crimson_stairs'" },
            { "warped_planks": "v.n == '+warped_wall_sign' || v.n == '+warped_standing_sign' || v.n == '+warped_button' || v.n == '+warped_pressure_plate' || v.n == '+warped_fence_gate' || v.n == '+warped_fence' || v.n == '+warped_double_slab' || v.n == '+warped_slab' || v.n == '+warped_stairs'" },
            { "cobblestone": "v.n == '+cobblestone' || v.n == '+stone_stairs' || v.n == '+cobblestone_wall'" },
            { "acacia_door": "v.n == '+acacia_door'" },
            { "birch_door": "v.n == '+birch_door'" },
            { "crimson_door": "v.n == '+crimson_door'" },
            { "dark_oak_door": "v.n == '+dark_oak_door'" },
            { "iron_door": "v.n == '+iron_door'" },
            { "jungle_door": "v.n == '+jungle_door'" },
            { "spruce_door": "v.n == '+spruce_door'" },
            { "warped_door": "v.n == '+warped_door'" },
            { "amethyst_cluster": "v.n == '+amethyst_cluster'" },
            { "bamboo_sapling": "v.n == '+bamboo_sapling'" },
            { "brown_mushroom": "v.n == '+brown_mushroom'" },
            { "chain": "v.n == '+chain'" },
            { "sapling": "v.n == '+sapling'" },
            { "deadbush": "v.n == '+deadbush'" },
            { "web": "v.n == '+web'" },
            { "crimson_fungs": "v.n == '+crimson_fungus'" },
            { "warped_fungs": "v.n == '+warped_fungus'" },
            { "double_plant": "v.n == '+double_plant'" },
            { "red_flower": "v.n == '+red_flower'" },
            { "red_mushroom": "v.n == '+red_mushroom'" },
            { "yellow_flower": "v.n == '+yellow_flower'" },
            { "reeds": "v.n == '+reeds'" },
            { "coral": "v.n == '+coral'" },
            { "pointed_dripstone": "v.n == '+pointed_dripstone'" },
            { "wither_rose": "v.n == '+wither_rose'" },
            { "nether_sprouts": "v.n == '+nether_sprouts'" },
            { "hanging_roots": "v.n == '+hanging_roots'" },
            { "coral_fan": "v.n == '+coral_fan_hang' || v.n == '+coral_fan'" },
            { "coral_fan_dead": "v.n == '+coral_fan_dead'" },
            { "coral_fan_hang2": "v.n == '+coral_fan_hang2'" },
            { "coral_fan_hang3": "v.n == '+coral_fan_hang3'" },
            { "warped_roots": "v.n == '+warped_roots'" },
            { "crimson_roots": "v.n == '+crimson_roots'" },
            { "large_amethyst_bud": "v.n == '+large_amethyst_bud'" },
            { "medium_amethyst_bud": "v.n == '+medium_amethyst_bud'" },
            { "small_amethyst_bud": "v.n == '+small_amethyst_bud'" },
            { "tallgrass": "v.n == '+tallgrass'" },
            { "melon_stem": "v.n == '+melon_stem' || v.n == '+pumpkin_stem'" },
            { "sweet_berry_bush": "v.n == '+sweet_berry_bush'" },
            { "cave_vines_body": "v.n == '+cave_vines_body_with_berries'" },
            { "cave_vines_head": "v.n == '+cave_vines_head_with_berries'" },
            { "cave_vines": "v.n == '+cave_vines'" },
            { "end_bricks": "v.n == '+end_brick_stairs' || v.n == '+double_stone_slab' || v.n == '+stone_slab3'" },
            { "red_sandstone_top": "v.n == '+double_stone_slab2' || v.n == '+stone_slab2'" },
            { "stonebricks": "v.n == '+double_stone_slab' || v.n == '+stone_slab'" },
            { "stonebricks_mossy": "v.n == '+mossy_stone_brick_stairs' || v.n == '+double_stone_slab4' || v.n == '+stone_slab4'" },
            { "cut_copper": "v.n == '+double_cut_copper_slab' || v.n == '+cut_copper_slab'" },
            { "blackstone": "v.n == '+blackstone_stairs' || v.n == '+blackstone_wall' || v.n == '+blackstone' || v.n == '+blackstone_double_slab' || v.n == '+blackstone_slab'" },
            { "cobbled_deepslate": "v.n == '+cobbled_deepslate_double_slab' || v.n == '+cobbled_deepslate_slab'" },
            { "deepslate_bricks": "v.n == '+deepslate_brick_double_slab' || v.n == '+deepslate_brick_slab'" },
            { "deepslate_tiles": "v.n == '+deepslate_tile_wall' || v.n == '+deepslate_tile_double_slab' || v.n == '+deepslate_tile_slab'" },
            { "exposed_cut_copper": "v.n == '+exposed_cut_copper_stairs' || v.n == '+exposed_cut_copper' || v.n == 'exposed_double_cut_copper_slab' || v.n == '+exposed_cut_copper_slab'" },
            { "polished_blackstone_bricks": "v.n == '+polished_blackstone_brick_stairs' || v.n == '+polished_blackstone_brick_wall' || v.n == '+polished_blackstone_brick_double_slab' || v.n == '+polished_blackstone_brick_slab'" },
            { "polished_blackstone": "v.n == '+polished_blackstone_stairs' || v.n == '+polished_blackstone_button' || v.n == '+polished_blackstone_pressure_plate' || v.n == '+polished_blackstone_wall' || v.n == '+polished_blackstone' || v.n == '+polished_blackstone_double_slab' || v.n == '+polished_blackstone_slab'" },
            { "polished_deepslate": "v.n == '+polished_deepslate_stairs' || v.n == '+polished_deepslate_wall' || v.n == '+polished_deepslate' || v.n == '+polished_deepslate_double_slab' || v.n == '+polished_deepslate_slab'" },
            { "weathered_cut_copper": "v.n == '+weathered_double_cut_copper_slab' || v.n == '+weathered_cut_copper' || v.n == '+weathered_cut_copper_stairs' || v.n == '+weathered_cut_copper_slab'" },
            { "oxidized_cut_copper": "v.n == '+oxidized_cut_copper' || v.n == '+oxidized_double_cut_copper_slab' || v.n == '+oxidized_cut_copper_stairs' || v.n == '+oxidized_cut_copper_slab'" },
            { "waxed_cut_copper": "v.n == '+cut_copper_stairs' || v.n == '+waxed_cut_copper' || v.n == '+waxed_cut_copper_slab' || v.n == '+waxed_double_cut_copper_slab' || v.n == '+waxed_cut_copper_stairs'" },
            { "waxed_exposed_cut_copper": "v.n == '+waxed_exposed_cut_copper' || v.n == '+waxed_exposed_cut_copper_slab' || v.n == '+waxed_exposed_double_cut_copper_slab' || v.n == '+waxed_exposed_cut_copper_stairs'" },
            { "waxed_weathered_cut_copper": "v.n == '+waxed_weathered_cut_copper' || v.n == '+waxed_weathered_cut_copper_slab' || v.n == '+waxed_weathered_double_cut_copper_slab' || v.n == '+waxed_weathered_cut_copper_stairs'" },
            { "waxed_oxidized_cut_copper": "v.n == '+waxed_oxidized_cut_copper' || v.n == '+waxed_oxidized_cut_copper_slab' || v.n == '+waxed_oxidized_double_cut_copper_slab' || v.n == '+waxed_oxidized_cut_copper_stairs'" },
            { "stained_glass": "v.n == '+stained_glass'" },
            { "tinted_glass": "v.n == '+tinted_glass'" },
            { "glass_pane": "v.n == '+glass_pane'" },
            { "stained_glass_pane": "v.n == '+stained_glass_pane'" },
            { "brick_block": "v.n == '+brick_stairs' || v.n == '+brick_block'" },
            { "chiseled_nether_bricks": "v.n == '+chiseled_nether_bricks'" },
            { "cracked_nether_bricks": "v.n == '+cracked_nether_bricks'" },
            { "quartz_bricks": "v.n == '+quartz_bricks'" },
            { "stonebrick": "v.n == '+stone_brick_stairs' || v.n == '+stonebrick'" },
            { "endbricks": "v.n == '+endbricks'" },
            { "prismarine": "v.n == '+prismarine_stairs' || v.n == '+prismarine'" },
            { "polished_blackstone_bricks": "v.n == '+polished_blackstone_bricks'" },
            { "cracked_polished_blackstone_bricks": "v.n == '+cracked_polished_blackstone_bricks'" },
            { "gilded_blackstone": "v.n == '+gilded_blackstone'" },
            { "chiseled_polished_blackstone": "v.n == '+chiseled_polished_blackstone'" },
            { "deepslate_tiles": "v.n == '+deepslate_tile_stairs' || v.n == '+deepslate_tiles'" },
            { "cracked_deepslate_tiles": "v.n == '+cracked_deepslate_tiles'" },
            { "deepslate_bricks": "v.n == '+deepslate_brick_stairs' || v.n == '+deepslate_brick_wall' || v.n == '+deepslate_bricks'" },
            { "cracked_deepslate_bricks": "v.n == '+cracked_deepslate_bricks'" },
            { "chiseled_deepslate": "v.n == '+chiseled_deepslate'" },
            { "slime": "v.n == '+slime'" },
            { "honey_block": "v.n == '+honey_block'" },
            { "mossy_cobblestone": "v.n == '+mossy_cobblestone_stairs' || v.n == '+mossy_cobblestone'" },
            { "cobbled_deepslate": "v.n == '+cobbled_deepslate_stairs' || v.n == '+cobbled_deepslate_wall' || v.n == '+cobbled_deepslate'" },
            { "smooth_stone": "v.n == '+smooth_stone'" },
            { "sandstone": "v.n == '+smooth_sandstone_stairs' || v.n == '+sandstone_stairs' || v.n == '+sandstone'" },
            { "red_sandstone": "v.n == '+smooth_red_sandstone_stairs' || v.n == '+red_sandstone_stairs' || v.n == '+red_sandstone'" },
            { "coal_block": "v.n == '+coal_block'" },
            { "dried_kelp_block": "v.n == '+dried_kelp_block'" },
            { "gold_block": "v.n == 'light_weighted_pressure_plate' || v.n == '+gold_block'" },
            { "iron_block": "v.n == '+heavy_weighted_pressure_plate' || v.n == '+iron_block'" },
            { "emerald_block": "v.n == '+emerald_block'" },
            { "lapis_block": "v.n == '+lapis_block'" },
            { "diamond_block": "v.n == '+diamond_block'" },
            { "raw_iron_block": "v.n == '+raw_iron_block'" },
            { "raw_copper_block": "v.n == '+raw_copper_block'" },
            { "raw_gold_block": "v.n == '+raw_gold_block'" },
            { "quartz_block": "v.n == '+smooth_quartz_stairs' || v.n == '+quartz_stairs' || v.n == '+quartz_block'" },
            { "hay_block": "v.n == '+hay_block'" },
            { "nether_brick": "v.n == '+nether_brick_stairs' || v.n == '+nether_brick_fence' || v.n == '+nether_brick'" },
            { "bone_block": "v.n == '+bone_block'" },
            { "red_netherbrick": "v.n == '+red_nether_brick_stairs' || v.n == '+red_nether_brick'" },
            { "lodestone": "v.n == '+lodestone'" },
            { "wool": "v.n == '+carpet' || v.n == '+wool'" },
            { "concretepowder": "v.n == '+concretepowder'" },
            { "concrete": "v.n == '+concrete'" },
            { "clay": "v.n == '+clay'" },
            { "hardened_clay": "v.n == '+hardened_clay'" },
            { "stained_hardened_clay": "v.n == '+stained_hardened_clay'" },
            { "honeycomb_block": "v.n == '+honeycomb_block'" },
            { "white_glazed_terracotta": "v.n == '+white_glazed_terracotta'" },
            { "silver_glazed_terracotta": "v.n == '+silver_glazed_terracotta'" },
            { "gray_glazed_terracotta": "v.n == '+gray_glazed_terracotta'" },
            { "black_glazed_terracotta": "v.n == '+black_glazed_terracotta'" },
            { "brown_glazed_terracotta": "v.n == '+brown_glazed_terracotta'" },
            { "red_glazed_terracotta": "v.n == '+red_glazed_terracotta'" },
            { "orange_glazed_terracotta": "v.n == '+orange_glazed_terracotta'" },
            { "yellow_glazed_terracotta": "v.n == '+yellow_glazed_terracotta'" },
            { "lime_glazed_terracotta": "v.n == '+lime_glazed_terracotta'" },
            { "green_glazed_terracotta": "v.n == '+green_glazed_terracotta'" },
            { "cyan_glazed_terracotta": "v.n == '+cyan_glazed_terracotta'" },
            { "blue_glazed_terracotta": "v.n == '+blue_glazed_terracotta'" },
            { "light_blue_glazed_terracotta": "v.n == '+light_blue_glazed_terracotta'" },
            { "purple_glazed_terracotta": "v.n == '+purple_glazed_terracotta'" },
            { "magenta_glazed_terracotta": "v.n == '+magenta_glazed_terracotta'" },
            { "pink_glazed_terracotta": "v.n == '+pink_glazed_terracotta'" },
            { "purpur_block": "v.n == '+purpur_stairs' || v.n == '+purpur_block'" },
            { "beehive": "v.n == '+beehive'" },
            { "bookshelf": "v.n == '+bookshelf'" },
            { "redstone_block": "v.n == '+redstone_block'" },
            { "glowstone": "v.n == '+glowstone'" },
            { "sealantern": "v.n == '+sealantern'" },
            { "observer": "v.n == '+observer'" },
            { "target": "v.n == '+target'" },
            { "lit_redstone_lamp": "v.n == '+lit_redstone_lamp'" },
            { "redstone_lamp": "v.n == '+redstone_lamp'" },
            { "nether_wart_block": "v.n == '+nether_wart_block'" },
            { "warped_wart_block": "v.n == '+warped_wart_block'" },
            { "shroomlight": "v.n == '+shroomlight'" },
            { "crimson_nylium": "v.n == '+crimson_nylium'" },
            { "warped_nylium": "v.n == '+warped_nylium'" },
            { "basalt": "v.n == '+basalt'" },
            { "polished_basalt": "v.n == '+polished_basalt'" },
            { "smooth_basalt": "v.n == '+smooth_basalt'" },
            { "soul_soil": "v.n == '+soul_soil'" },
            { "farmland": "v.n == '+farmland'" },
            { "grass_path": "v.n == '+grass_path'" },
            { "podzol": "v.n == '+podzol'" },
            { "mycelium": "v.n == '+mycelium'" },
            { "iron_ore": "v.n == '+iron_ore'" },
            { "gold_ore": "v.n == '+gold_ore'" },
            { "diamond_ore": "v.n == '+diamond_ore'" },
            { "lapis_ore": "v.n == '+lapis_ore'" },
            { "redstone_ore": "v.n == '+redstone_ore'" },
            { "lit_redstone_ore": "v.n == '+lit_redstone_ore'" },
            { "coal_ore": "v.n == '+coal_ore'" },
            { "copper_ore": "v.n == '+copper_ore'" },
            { "emerald_ore": "v.n == '+emerald_ore'" },
            { "quartz_ore": "v.n == '+quartz_ore'" },
            { "nether_gold_ore": "v.n == '+nether_gold_ore'" },
            { "deepslate_iron_ore": "v.n == '+deepslate_iron_ore'" },
            { "deepslate_gold_ore": "v.n == '+deepslate_gold_ore'" },
            { "deepslate_diamond_ore": "v.n == '+deepslate_diamond_ore'" },
            { "deepslate_lapis_ore": "v.n == '+deepslate_lapis_ore'" },
            { "deepslate_redstone_ore": "v.n == '+deepslate_redstone_ore'" },
            { "deepslate_lit_redstone_ore": "v.n == '+lit_deepslate_redstone_ore'" },
            { "deepslate_coal_ore": "v.n == '+deepslate_coal_ore'" },
            { "deepslate_emerald_ore": "v.n == '+deepslate_emerald_ore'" },
            { "deepslate_copper_ore": "v.n == '+deepslate_copper_ore'" },
            { "deepslate": "v.n == '+deepslate'" },
            { "crimson_stem": "v.n == '+crimson_stem'" },
            { "warped_stem": "v.n == '+warped_stem'" },
            { "stripped_crimson_stem": "v.n == '+stripped_crimson_stem'" },
            { "stripped_warped_stem": "v.n == '+stripped_warped_stem'" },
            { "stripped_oak_log": "v.n == '+stripped_oak_log'" },
            { "stripped_spruce_log": "v.n == '+stripped_spruce_log'" },
            { "stripped_birch_log": "v.n == '+stripped_birch_log'" },
            { "stripped_jungle_log": "v.n == '+stripped_jungle_log'" },
            { "stripped_acacia_log": "v.n == '+stripped_acacia_log'" },
            { "stripped_dark_oak_log": "v.n == '+stripped_dark_oak_log'" },
            { "wood": "v.n == '+wood'" },
            { "crimson_hyphae": "v.n == '+crimson_hyphae'" },
            { "warped_hyphae": "v.n == '+warped_hyphae'" },
            { "stripped_crimson_hyphae": "v.n == '+stripped_crimson_hyphae'" },
            { "stripped_warped_hyphae": "v.n == '+stripped_warped_hyphae'" },
            { "bee_nest": "v.n == '+bee_nest'" },
            { "carved_pumpkin": "v.n == '+carved_pumpkin'" },
            { "lit_pumpkin": "v.n == '+lit_pumpkin'" },
            { "snow": "v.n == '+snow'" },
            { "ice": "v.n == '+ice'" },
            { "packed_ice": "v.n == '+packed_ice'" },
            { "blue_ice": "v.n == '+blue_ice'" },
            { "dripstone_block": "v.n == '+dripstone_block'" },
            { "moss_block": "v.n == '+moss_carpet' || v.n == '+moss_block'" },
            { "dirt_with_roots": "v.n == '+dirt_with_roots'" },
            { "amethyst_block": "v.n == '+amethyst_block'" },
            { "budding_amethyst": "v.n == '+budding_amethyst'" },
            { "tuff": "v.n == '+tuff'" },
            { "calcite": "v.n == '+calcite'" },
            { "soul_sand": "v.n == '+soul_sand'" },
            { "netherrack": "v.n == '+netherrack'" },
            { "magma": "v.n == '+magma'" },
            { "end_stone": "v.n == '+end_stone'" },
            { "sponge": "v.n == '+sponge'" },
            { "coral_block": "v.n == '+coral_block'" },
            { "pumpkin": "v.n == '+pumpkin'" },
            { "melon": "v.n == '+melon_block'" },
            { "twisting_vines": "v.n == '+twisting_vines'" },
            { "weeping_vines": "v.n == '+weeping_vines'" },
            { "vine": "v.n == '+vine'" },
            { "ladder": "v.n == '+ladder'" },
            { "activator_rail": "v.n == '+activator_rail'" },
            { "detector_rail": "v.n == '+detector_rail'" },
            { "golden_rail": "v.n == '+golden_rail'" },
            { "rail": "v.n == '+rail'" },
            { "trapdoor": "v.n == '+trapdoor'" },
            { "spruce_trapdoor": "v.n == '+spruce_trapdoor'" },
            { "birch_trapdoor": "v.n == '+birch_trapdoor'" },
            { "jungle_trapdoor": "v.n == '+jungle_trapdoor'" },
            { "acacia_trapdoor": "v.n == '+acacia_trapdoor'" },
            { "dark_oak_trapdoor": "v.n == '+dark_oak_trapdoor'" },
            { "iron_trapdoor": "v.n == '+iron_trapdoor'" },
            { "crimson_trapdoor": "v.n == '+crimson_trapdoor'" },
            { "iron_bars": "v.n == '+iron_bars'" },
            { "red_mushroom_block": "v.n == '+red_mushroom_block'" },
            { "brown_mushroom_block": "v.n == '+brown_mushroom_block'" },
            { "waterlily": "v.n == '+waterlily'" },
            { "cake": "v.n == '+candle_cake' || v.n == '+cake'" },
            { "glow_lichen": "v.n == '+glow_lichen'" },
            { "nether_wart": "v.n == '+nether_wart'" },
            { "spore_blossom": "v.n == '+spore_blossom'" },
            { "azalea_leaves": "v.n == '+azalea_leaves'" },
            { "azalea": "v.n == '+azalea'" },
            { "flowering_azalea": "v.n == '+flowering_azalea'" },
            { "small_dripleaf": "v.n == '+small_dripleaf_block'" },
            {"azalea_leaves_flowered": "v.n == '+azalea_leaves_flowered'" },
            { "big_dripleaf": "v.n == '+big_dripleaf'" },
            { "potatoes": "v.n == '+potatoes'" },
            { "carrots": "v.n == '+carrots'" },
            { "wheat": "v.n == '+wheat'" },
            { "beetroot": "v.n == '+beetroot'" },
            { "granite": "v.n == '+granite_stairs'" },
            { "polished_granite": "v.n == '+polished_granite_stairs'" },
            { "diorite": "v.n == '+diorite_stairs'" },
            { "polished_diorite": "v.n == '+polished_diorite_stairs'" },
            { "andesite": "v.n == '+andesite_stairs'" },
            { "polished_andesite": "v.n == '+polished_andesite_stairs'" },
            { "dark_prismarine": "v.n == '+dark_prismarine_stairs'" },
            { "prismarine_bricks": "v.n == '+prismarine_bricks_stairs'" }
          ],
          "on_entry": [ "v.names = 0;" ]
        },
        "grass": {
          "on_entry": ["v.names = 1;" ]
        },
        "dirt": {
          "on_entry": [ "v.names = 2;" ]
        },
        "glass": {
          "on_entry": [ "v.names = 3;" ]
        },
        "planks": {
          "on_entry": [ "v.names = 4;" ]
        },
        "log": {
          "on_entry": [ "v.names = 5;" ]
        },
        "wooden_door": {
          "on_entry": [ "v.names = 6;" ]
        },
        "leaves": {
          "on_entry": [ "v.names = 7;" ]
        },
        "leaves2": {
          "on_entry": [ "v.names = 8;" ]
        },
        "stone": {
          "on_entry": [ "v.names = 9;" ]
        },
        "log2": {
          "on_entry": [ "v.names = 10;" ]
        },
        "acacia_planks": {
          "on_entry": [ "v.names = 11;" ]
        },
        "birch_planks": {
          "on_entry": [ "v.names = 12;" ]
        },
        "spruce_planks": {
          "on_entry": [ "v.names = 13;" ]
        },
        "jungle_planks": {
          "on_entry": [ "v.names = 14;" ]
        },
        "dark_oak_planks": {
          "on_entry": [ "v.names = 15;" ]
        },
        "crimson_planks": {
          "on_entry": [ "v.names = 16;" ]
        },
        "warped_planks": {
          "on_entry": [ "v.names = 17;" ]
        },
        "cobblestone": {
          "on_entry": [ "v.names = 18;" ]
        },
        "acacia_door": {
          "on_entry": [ "v.names = 19;" ]
        },
        "birch_door": {
          "on_entry": [ "v.names = 20;" ]
        },
        "crimson_door": {
          "on_entry": [ "v.names = 21;" ]
        },
        "dark_oak_door": {
          "on_entry": [ "v.names = 22;" ]
        },
        "iron_door": {
          "on_entry": [ "v.names = 23;" ]
        },
        "jungle_door": {
          "on_entry": [ "v.names = 24;" ]
        },
        "spruce_door": {
          "on_entry": [ "v.names = 25;" ]
        },
        "warped_door": {
          "on_entry": [ "v.names = 26;" ]
        },
        "amethyst_cluster": {
          "on_entry": [ "v.names = 27;" ]
        },
        "bamboo_sapling": {
          "on_entry": [ "v.names = 28;" ]
        },
        "brown_mushroom": {
          "on_entry": [ "v.names = 29;" ]
        },
        "chain": {
          "on_entry": [ "v.names = 30;" ]
        },
        "sapling": {
          "on_entry": [ "v.names = 31;" ]
        },
        "deadbush": {
          "on_entry": [ "v.names = 32;" ]
        },
        "web": {
          "on_entry": [ "v.names = 33;" ]
        },
        "crimson_fungs": {
          "on_entry": [ "v.names = 34;" ]
        },
        "warped_fungs": {
          "on_entry": [ "v.names = 35;" ]
        },
        "double_plant": {
          "on_entry": [ "v.names = 36;" ]
        },
        "red_flower": {
          "on_entry": [ "v.names = 37;" ]
        },
        "yellow_flower": {
          "on_entry": [ "v.names = 38;" ]
        },
        "reeds": {
          "on_entry": [ "v.names = 39;" ]
        },
        "coral": {
          "on_entry": [ "v.names = 40;" ]
        },
        "pointed_dripstone": {
          "on_entry": [ "v.names = 41;" ]
        },
        "wither_rose": {
          "on_entry": [ "v.names = 42;" ]
        },
        "nether_sprouts": {
          "on_entry": [ "v.names = 43;" ]
        },
        "hanging_roots": {
          "on_entry": [ "v.names = 54;" ]
        },
        "coral_fan": {
          "on_entry": [ "v.names = 44;" ]
        },
        "coral_fan_dead": {
          "on_entry": [ "v.names = 45;" ]
        },
        "coral_fan_hang2": {
          "on_entry": [ "v.names = 46;" ]
        },
        "coral_fan_hang3": {
          "on_entry": [ "v.names = 47;" ]
        },
        "warped_roots": {
          "on_entry": [ "v.names = 48;" ]
        },
        "crimson_roots": {
          "on_entry": [ "v.names = 49;" ]
        },
        "large_amethyst_bud": {
          "on_entry": [ "v.names = 50;" ]
        },
        "medium_amethyst_bud": {
          "on_entry": [ "v.names = 51;" ]
        },
        "small_amethyst_bud": {
          "on_entry": [ "v.names = 52;" ]
        },
        "red_mushroom": {
          "on_entry": [ "v.names = 53;" ]
        },
        "tallgrass": {
          "on_entry": [ "v.names = 55;" ]
        },
        "melon_stem": {
          "on_entry": [ "v.names = 56;" ]
        },
        "sweet_berry_bush": {
          "on_entry": [ "v.names = 57;" ]
        },
        "cave_vines_body": {
          "on_entry": [ "v.names = 58;" ]
        },
        "cave_vines_head": {
          "on_entry": [ "v.names = 59;" ]
        },
        "cave_vines": {
          "on_entry": [ "v.names = 60;" ]
        },
        "end_bricks": {
          "on_entry": [ "v.names = 61;" ]
        },
        "red_sandstone_top": {
          "on_entry": [ "v.names = 62;" ]
        },
        "stonebricks": {
          "on_entry": [ "v.names = 63;" ]
        },
        "stonebricks_mossy": {
          "on_entry": [ "v.names = 64;" ]
        },
        "cut_copper": {
          "on_entry": [ "v.names = 65;" ]
        },
        "blackstone": {
          "on_entry": [ "v.names = 66;" ]
        }, 
        "cobbled_deepslate": {
          "on_entry": [ "v.names = 67;" ]
        }, 
        "deepslate_bricks": {
          "on_entry": [ "v.names = 68;" ]
        },
        "deepslate_tiles": {
          "on_entry": [ "v.names = 69;" ]
        }, 
        "exposed_cut_copper": {
          "on_entry": [ "v.names = 70;" ]
        },
        "polished_blackstone_bricks": {
          "on_entry": [ "v.names = 71;" ]
        }, 
        "polished_blackstone": {
          "on_entry": [ "v.names = 72;" ]
        },
        "polished_deepslate": {
          "on_entry": [ "v.names = 73;" ]
        }, 
        "oxidized_cut_copper": {
          "on_entry": [ "v.names = 74;" ]
        },
        "weathered_cut_copper": {
          "on_entry": [ "v.names = 75;" ]
        }, 
        "waxed_cut_copper": {
          "on_entry": [ "v.names = 76;" ]
        },
        "waxed_exposed_cut_copper": {
          "on_entry": [ "v.names = 77;" ]
        }, 
        "waxed_weathered_cut_copper": {
          "on_entry": [ "v.names = 78;" ]
        },
        "waxed_oxidized_cut_copper": {
          "on_entry": [ "v.names = 79;" ]
        }, 
        "stained_glass": {
          "on_entry": [ "v.names = 80;" ]
        },
        "tinted_glass": {
          "on_entry": [ "v.names = 81;" ]
        }, 
        "glass_pane": {
          "on_entry": [ "v.names = 82;" ]
        },
        "stained_glass_pane": {
          "on_entry": [ "v.names = 83;" ]
        }, 
        "brick_block": {
          "on_entry": [ "v.names = 84;" ]
        },
        "chiseled_nether_bricks": {
          "on_entry": [ "v.names = 85;" ]
        }, 
        "cracked_nether_bricks": {
          "on_entry": [ "v.names = 86;" ]
        },
        "quartz_bricks": {
          "on_entry": [ "v.names = 87;" ]
        }, 
        "stonebrick": {
          "on_entry": [ "v.names = 88;" ]
        },
        "endbricks": {
          "on_entry": [ "v.names = 89;" ]
        }, 
        "prismarine": {
          "on_entry": [ "v.names = 90;" ]
        },
        "polished_blackstone_bricks": {
          "on_entry": [ "v.names = 91;" ]
        }, 
        "cracked_polished_blackstone_bricks": {
          "on_entry": [ "v.names = 92;" ]
        },
        "gilded_blackstone": {
          "on_entry": [ "v.names = 93;" ]
        },
        "chiseled_polished_blackstone": {
          "on_entry": [ "v.names = 94;" ]
        }, 
        "deepslate_tiles": {
          "on_entry": [ "v.names = 95;" ]
        },
        "cracked_deepslate_tiles": {
          "on_entry": [ "v.names = 96;" ]
        }, 
        "deepslate_bricks": {
          "on_entry": [ "v.names = 97;" ]
        },
        "cracked_deepslate_bricks": {
          "on_entry": [ "v.names = 98;" ]
        }, 
        "chiseled_deepslate": {
          "on_entry": [ "v.names = 99;" ]
        },
        "slime": {
          "on_entry": [ "v.names = 100;" ]
        }, 
        "honey_block": {
          "on_entry": [ "v.names = 101;" ]
        },
        "mossy_cobblestone": {
          "on_entry": [ "v.names = 102;" ]
        },
        "cobbled_deepslate": {
          "on_entry": [ "v.names = 103;" ]
        }, 
        "smooth_stone": {
          "on_entry": [ "v.names = 104;" ]
        },
        "sandstone": {
          "on_entry": [ "v.names = 105;" ]
        }, 
        "red_sandstone": {
          "on_entry": [ "v.names = 106;" ]
        },
        "coal_block": {
          "on_entry": [ "v.names = 107;" ]
        }, 
        "dried_kelp_block": {
          "on_entry": [ "v.names = 108;" ]
        },
        "gold_block": {
          "on_entry": [ "v.names = 109;" ]
        }, 
        "iron_block": {
          "on_entry": [ "v.names = 110;" ]
        },
        "emerald_block": {
          "on_entry": [ "v.names = 111;" ]
        },
        "lapis_block": {
          "on_entry": [ "v.names = 112;" ]
        }, 
        "diamond_block": {
          "on_entry": [ "v.names = 113;" ]
        },
        "raw_iron_block": {
          "on_entry": [ "v.names = 114;" ]
        }, 
        "raw_copper_block": {
          "on_entry": [ "v.names = 115;" ]
        },
        "raw_gold_block": {
          "on_entry": [ "v.names = 116;" ]
        }, 
        "quartz_block": {
          "on_entry": [ "v.names = 117;" ]
        },
        "hay_block": {
          "on_entry": [ "v.names = 118;" ]
        }, 
        "nether_brick": {
          "on_entry": [ "v.names = 119;" ]
        },
        "bone_block": {
          "on_entry": [ "v.names = 120;" ]
        },
        "red_netherbrick": {
          "on_entry": [ "v.names = 121;" ]
        }, 
        "lodestone": {
          "on_entry": [ "v.names = 122;" ]
        },
        "wool": {
          "on_entry": [ "v.names = 123;" ]
        }, 
        "concretepowder": {
          "on_entry": [ "v.names = 124;" ]
        },
        "concrete": {
          "on_entry": [ "v.names = 125;" ]
        }, 
        "clay": {
          "on_entry": [ "v.names = 126;" ]
        },
        "hardened_clay": {
          "on_entry": [ "v.names = 127;" ]
        }, 
        "stained_hardened_clay": {
          "on_entry": [ "v.names = 128;" ]
        },
        "honeycomb_block": {
          "on_entry": [ "v.names = 129;" ]
        }, 
        "white_glazed_terracotta": {
          "on_entry": [ "v.names = 130;" ]
        },
        "silver_glazed_terracotta": {
          "on_entry": [ "v.names = 131;" ]
        }, 
        "gray_glazed_terracotta": {
          "on_entry": [ "v.names = 132;" ]
        },
        "black_glazed_terracotta": {
          "on_entry": [ "v.names = 133;" ]
        }, 
        "brown_glazed_terracotta": {
          "on_entry": [ "v.names = 134;" ]
        },
        "red_glazed_terracotta": {
          "on_entry": [ "v.names = 135;" ]
        }, 
        "orange_glazed_terracotta": {
          "on_entry": [ "v.names = 136;" ]
        },
        "yellow_glazed_terracotta": {
          "on_entry": [ "v.names = 137;" ]
        }, 
        "lime_glazed_terracotta": {
          "on_entry": [ "v.names = 138;" ]
        },
        "green_glazed_terracotta": {
          "on_entry": [ "v.names = 139;" ]
        }, 
        "cyan_glazed_terracotta": {
          "on_entry": [ "v.names = 140;" ]
        },
        "blue_glazed_terracotta": {
          "on_entry": [ "v.names = 141;" ]
        }, 
        "light_blue_glazed_terracotta": {
          "on_entry": [ "v.names = 142;" ]
        },
        "purple_glazed_terracotta": {
          "on_entry": [ "v.names = 143;" ]
        }, 
        "magenta_glazed_terracotta": {
          "on_entry": [ "v.names = 144;" ]
        },
        "pink_glazed_terracotta": {
          "on_entry": [ "v.names = 145;" ]
        }, 
        "purpur_block": {
          "on_entry": [ "v.names = 146;" ]
        },
        "beehive": {
          "on_entry": [ "v.names = 147;" ]
        }, 
        "bookshelf": {
          "on_entry": [ "v.names = 148;" ]
        },
        "glowstone": {
          "on_entry": [ "v.names = 149;" ]
        }, 
        "redstone_block": {
          "on_entry": [ "v.names = 150;" ]
        },
        "sealantern": {
          "on_entry": [ "v.names = 151;" ]
        }, 
        "observer": {
          "on_entry": [ "v.names = 152;" ]
        },
        "target": {
          "on_entry": [ "v.names = 153;" ]
        },
        "lit_redstone_lamp": {
          "on_entry": [ "v.names = 154;" ]
        },
        "redstone_lamp": {
          "on_entry": [ "v.names = 155;" ]
        },
        "nether_wart_block": {
          "on_entry": [ "v.names = 156;" ]
        },
        "warped_wart_block": {
          "on_entry": [ "v.names = 157;" ]
        },
        "shroomlight": {
          "on_entry": [ "v.names = 158;" ]
        },
        "crimson_nylium": {
          "on_entry": [ "v.names = 159;" ]
        },
        "warped_nylium": {
          "on_entry": [ "v.names = 160;" ]
        },
        "basalt": {
          "on_entry": [ "v.names = 161;" ]
        },
        "polished_basalt": {
          "on_entry": [ "v.names = 162;" ]
        },
        "smooth_basalt": {
          "on_entry": [ "v.names = 163;" ]
        },
        "soul_soil": {
          "on_entry": [ "v.names = 164;" ]
        },
        "farmland": {
          "on_entry": [ "v.names = 165;" ]
        },
        "grass_path": {
          "on_entry": [ "v.names = 166;" ]
        },
        "podzol": {
          "on_entry": [ "v.names = 167;" ]
        },
        "mycelium": {
          "on_entry": [ "v.names = 168;" ]
        },
        "iron_ore": {
          "on_entry": [ "v.names = 169;" ]
        },
        "gold_ore": {
          "on_entry": [ "v.names = 170;" ]
        },
        "diamond_ore": {
          "on_entry": [ "v.names = 171;" ]
        },
        "lapis_ore": {
          "on_entry": [ "v.names = 172;" ]
        },
        "redstone_ore": {
          "on_entry": [ "v.names = 173;" ]
        },
        "lit_redstone_ore": {
          "on_entry": [ "v.names = 174;" ]
        },
        "coal_ore": {
          "on_entry": [ "v.names = 175;" ]
        },
        "copper_ore": {
          "on_entry": [ "v.names = 176;" ]
        },
        "emerald_ore": {
          "on_entry": [ "v.names = 177;" ]
        },
        "quartz_ore": {
          "on_entry": [ "v.names = 178;" ]
        },
        "nether_gold_ore": {
          "on_entry": [ "v.names = 179;" ]
        },
        "deepslate_iron_ore": {
          "on_entry": [ "v.names = 180;" ]
        },
        "deepslate_gold_ore": {
          "on_entry": [ "v.names = 181;" ]
        },
        "deepslate_diamond_ore": {
          "on_entry": [ "v.names = 182;" ]
        },
        "deepslate_lapis_ore": {
          "on_entry": [ "v.names = 183;" ]
        },
        "deepslate_redstone_ore": {
          "on_entry": [ "v.names = 184;" ]
        },
        "deepslate_lit_redstone_ore": {
          "on_entry": [ "v.names = 185;" ]
        },
        "deepslate_coal_ore": {
          "on_entry": [ "v.names = 186;" ]
        },
        "deepslate_emerald_ore": {
          "on_entry": [ "v.names = 187;" ]
        },
        "deepslate_copper_ore": {
          "on_entry": [ "v.names = 188;" ]
        },
        "deepslate": {
          "on_entry": [ "v.names = 189;" ]
        },
        "crimson_stem": {
          "on_entry": [ "v.names = 190;" ]
        },
        "warped_stem": {
          "on_entry": [ "v.names = 191;" ]
        },
        "stripped_oak_log": {
          "on_entry": [ "v.names = 192;" ]
        },
        "stripped_spruce_log": {
          "on_entry": [ "v.names = 193;" ]
        },
        "stripped_birch_log": {
          "on_entry": [ "v.names = 194;" ]
        },
        "stripped_jungle_log": {
          "on_entry": [ "v.names = 195;" ]
        },
        "stripped_acacia_log": {
          "on_entry": [ "v.names = 196;" ]
        },
        "stripped_dark_oak_log": {
          "on_entry": [ "v.names = 197;" ]
        },
        "stripped_crimson_stem": {
          "on_entry": [ "v.names = 198;" ]
        },
        "stripped_warped_stem": {
          "on_entry": [ "v.names = 199;" ]
        },
        "wood": {
          "on_entry": [ "v.names = 200;" ]
        },
        "crimson_hyphae": {
          "on_entry": [ "v.names = 201;" ]
        },
        "warped_hyphae": {
          "on_entry": [ "v.names = 202;" ]
        },
        "stripped_crimson_hyphae": {
          "on_entry": [ "v.names = 203;" ]
        },
        "stripped_warped_hyphae": {
          "on_entry": [ "v.names = 204;" ]
        },
        "bee_nest": {
          "on_entry": [ "v.names = 205;" ]
        },
        "carved_pumpkin": {
          "on_entry": [ "v.names = 206;" ]
        },
        "lit_pumpkin": {
          "on_entry": [ "v.names = 207;" ]
        },
        "snow": {
          "on_entry": [ "v.names = 208;" ]
        },
        "ice": {
          "on_entry": [ "v.names = 209;" ]
        },
        "packed_ice": {
          "on_entry": [ "v.names = 210;" ]
        },
        "blue_ice": {
          "on_entry": [ "v.names = 211;" ]
        },
        "dripstone_block": {
          "on_entry": [ "v.names = 212;" ]
        },
        "moss_block": {
          "on_entry": [ "v.names = 213;" ]
        },
        "dirt_with_roots": {
          "on_entry": [ "v.names = 214;" ]
        },
        "amethyst_block": {
          "on_entry": [ "v.names = 215;" ]
        },
        "budding_amethyst": {
          "on_entry": [ "v.names = 216;" ]
        },
        "tuff": {
          "on_entry": [ "v.names = 217;" ]
        },
        "calcite": {
          "on_entry": [ "v.names = 218;" ]
        },
        "soul_sand": {
          "on_entry": [ "v.names = 219;" ]
        },
        "netherrack": {
          "on_entry": [ "v.names = 220;" ]
        },
        "magma": {
          "on_entry": [ "v.names = 221;" ]
        },
        "end_stone": {
          "on_entry": [ "v.names = 222;" ]
        },
        "sponge": {
          "on_entry": [ "v.names = 223;" ]
        },
        "coral_block": {
          "on_entry": [ "v.names = 224;" ]
        },
        "melon": {
          "on_entry": [ "v.names = 225;" ]
        },
        "pumpkin": {
          "on_entry": [ "v.names = 226;" ]
        },
        "twisting_vines": {
          "on_entry": [ "v.names = 227;" ]
        },
        "weeping_vines": {
          "on_entry": [ "v.names = 228;" ]
        },
        "vine": {
          "on_entry": [ "v.names = 229;" ]
        },
        "ladder": {
          "on_entry": [ "v.names = 230;" ]
        },
        "activator_rail": {
          "on_entry": [ "v.names = 231;" ]
        },
        "detector_rail": {
          "on_entry": [ "v.names = 232;" ]
        },
        "golden_rail": {
          "on_entry": [ "v.names = 233;" ]
        },
        "rail": {
          "on_entry": [ "v.names = 234;" ]
        },
        "trapdoor": {
          "on_entry": [ "v.names = 235;" ]
        },
        "spruce_trapdoor": {
          "on_entry": [ "v.names = 236;" ]
        },
        "birch_trapdoor": {
          "on_entry": [ "v.names = 237;" ]
        },
        "jungle_trapdoor": {
          "on_entry": [ "v.names = 238;" ]
        },
        "acacia_trapdoor": {
          "on_entry": [ "v.names = 239;" ]
        },
        "dark_oak_trapdoor": {
          "on_entry": [ "v.names = 240;" ]
        },
        "iron_trapdoor": {
          "on_entry": [ "v.names = 241;" ]
        },
        "crimson_trapdoor": {
          "on_entry": [ "v.names = 242;" ]
        },
        "warped_trapdoor": {
          "on_entry": [ "v.names = 243;" ]
        },
        "iron_bars": {
          "on_entry": [ "v.names = 244;" ]
        },
        "red_mushroom_block": {
          "on_entry": [ "v.names = 245;" ]
        },
        "brown_mushroom_block": {
          "on_entry": [ "v.names = 246;" ]
        },
        "waterlily": {
          "on_entry": [ "v.names = 247;" ]
        },
        "cake": {
          "on_entry": [ "v.names = 248;" ]
        },
        "glow_lichen": {
          "on_entry": [ "v.names = 249;" ]
        },
        "nether_wart": {
          "on_entry": [ "v.names = 250;" ]
        },
        "spore_blossom": {
          "on_entry": [ "v.names = 251;" ]
        },
        "azalea_leaves": {
          "on_entry": [ "v.names = 252;" ]
        },
        "azalea": {
          "on_entry": [ "v.names = 253;" ]
        },
        "flowering_azalea": {
          "on_entry": [ "v.names = 254;" ]
        },
        "small_dripleaf": {
          "on_entry": [ "v.names = 255;" ]
        },
        "azalea_leaves_flowered": {
          "on_entry": [ "v.names = 256;" ]
        },
        "big_dripleaf": {
          "on_entry": [ "v.names = 257;" ]
        },
        "potatoes": {
          "on_entry": [ "v.names = 258;" ]
        },
        "carrots": {
          "on_entry": [ "v.names = 259;" ]
        },
        "wheat": {
          "on_entry": [ "v.names = 260;" ]
        },
        "beetroot": {
          "on_entry": [ "v.names = 261;" ]
        },
        "granite": {
          "on_entry": [ "v.names = 262;" ]
        },
        "polished_granite": {
          "on_entry": [ "v.names = 263;" ]
        },
        "diorite": {
          "on_entry": [ "v.names = 264;" ]
        },
        "polished_diorite": {
          "on_entry": [ "v.names = 265;" ]
        },
        "andesite": {
          "on_entry": [ "v.names = 266;" ]
        },
        "polished_andesite": {
          "on_entry": [ "v.names = 267;" ]
        },
        "dark_prismarine": {
          "on_entry": [ "v.names = 268;" ]
        },
        "prismarine_bricks": {
          "on_entry": [ "v.names = 269;" ]
        }
      }
    }
  }
}